full_name,diploma_number,specialty,degree,faculty,year
Иванов Александр Александрович,FRESH-2026-000001,Программная инженерия,Бакалавр,ИВТ,2020
Петров Александр Александрович,FRESH-2026-000002,Информационная безопасность,Магистр,ФКН,2021
Сидоров Александр Александрович,FRESH-2026-000003,Прикладная информатика,Специалист,ФИТ,2022
Смирнов Александр Александрович,FRESH-2026-000004,Бизнес-информатика,Бакалавр,ФЭУ,2023
Кузнецов Александр Александрович,FRESH-2026-000005,Системный анализ и управление,Магистр,ЮФ,2024
Попов Александр Александрович,FRESH-2026-000006,Искусственный интеллект,Специалист,ФМО,2025
Васильев Александр Александрович,FRESH-2026-000007,Экономика,Бакалавр,ФПМИ,2026
Соколов Александр Александрович,FRESH-2026-000008,Юриспруденция,Магистр,ФИБ,2020
Михайлов Александр Александрович,FRESH-2026-000009,Менеджмент,Специалист,ФСН,2021
Новиков Александр Александрович,FRESH-2026-000010,Лингвистика,Бакалавр,ФЭ,2022
Федоров Александр Александрович,FRESH-2026-000011,Программная инженерия,Магистр,ИВТ,2023
Морозов Александр Александрович,FRESH-2026-000012,Информационная безопасность,Специалист,ФКН,2024
Волков Александр Александрович,FRESH-2026-000013,Прикладная информатика,Бакалавр,ФИТ,2025
Алексеев Александр Александрович,FRESH-2026-000014,Бизнес-информатика,Магистр,ФЭУ,2026
Лебедев Александр Александрович,FRESH-2026-000015,Системный анализ и управление,Специалист,ЮФ,2020
Семенов Александр Александрович,FRESH-2026-000016,Искусственный интеллект,Бакалавр,ФМО,2021
Егоров Александр Александрович,FRESH-2026-000017,Экономика,Магистр,ФПМИ,2022
Павлов Александр Александрович,FRESH-2026-000018,Юриспруденция,Специалист,ФИБ,2023
Козлов Александр Александрович,FRESH-2026-000019,Менеджмент,Бакалавр,ФСН,2024
Степанов Александр Александрович,FRESH-2026-000020,Лингвистика,Магистр,ФЭ,2025
Иванов Максим Александрович,FRESH-2026-000021,Программная инженерия,Специалист,ИВТ,2026
Петров Максим Александрович,FRESH-2026-000022,Информационная безопасность,Бакалавр,ФКН,2020
Сидоров Максим Александрович,FRESH-2026-000023,Прикладная информатика,Магистр,ФИТ,2021
Смирнов Максим Александрович,FRESH-2026-000024,Бизнес-информатика,Специалист,ФЭУ,2022
Кузнецов Максим Александрович,FRESH-2026-000025,Системный анализ и управление,Бакалавр,ЮФ,2023
Попов Максим Александрович,FRESH-2026-000026,Искусственный интеллект,Магистр,ФМО,2024
Васильев Максим Александрович,FRESH-2026-000027,Экономика,Специалист,ФПМИ,2025
Соколов Максим Александрович,FRESH-2026-000028,Юриспруденция,Бакалавр,ФИБ,2026
Михайлов Максим Александрович,FRESH-2026-000029,Менеджмент,Магистр,ФСН,2020
Новиков Максим Александрович,FRESH-2026-000030,Лингвистика,Специалист,ФЭ,2021
Федоров Максим Александрович,FRESH-2026-000031,Программная инженерия,Бакалавр,ИВТ,2022
Морозов Максим Александрович,FRESH-2026-000032,Информационная безопасность,Магистр,ФКН,2023
Волков Максим Александрович,FRESH-2026-000033,Прикладная информатика,Специалист,ФИТ,2024
Алексеев Максим Александрович,FRESH-2026-000034,Бизнес-информатика,Бакалавр,ФЭУ,2025
Лебедев Максим Александрович,FRESH-2026-000035,Системный анализ и управление,Магистр,ЮФ,2026
Семенов Максим Александрович,FRESH-2026-000036,Искусственный интеллект,Специалист,ФМО,2020
Егоров Максим Александрович,FRESH-2026-000037,Экономика,Бакалавр,ФПМИ,2021
Павлов Максим Александрович,FRESH-2026-000038,Юриспруденция,Магистр,ФИБ,2022
Козлов Максим Александрович,FRESH-2026-000039,Менеджмент,Специалист,ФСН,2023
Степанов Максим Александрович,FRESH-2026-000040,Лингвистика,Бакалавр,ФЭ,2024
Иванов Иван Александрович,FRESH-2026-000041,Программная инженерия,Магистр,ИВТ,2025
Петров Иван Александрович,FRESH-2026-000042,Информационная безопасность,Специалист,ФКН,2026
Сидоров Иван Александрович,FRESH-2026-000043,Прикладная информатика,Бакалавр,ФИТ,2020
Смирнов Иван Александрович,FRESH-2026-000044,Бизнес-информатика,Магистр,ФЭУ,2021
Кузнецов Иван Александрович,FRESH-2026-000045,Системный анализ и управление,Специалист,ЮФ,2022
Попов Иван Александрович,FRESH-2026-000046,Искусственный интеллект,Бакалавр,ФМО,2023
Васильев Иван Александрович,FRESH-2026-000047,Экономика,Магистр,ФПМИ,2024
Соколов Иван Александрович,FRESH-2026-000048,Юриспруденция,Специалист,ФИБ,2025
Михайлов Иван Александрович,FRESH-2026-000049,Менеджмент,Бакалавр,ФСН,2026
Новиков Иван Александрович,FRESH-2026-000050,Лингвистика,Магистр,ФЭ,2020
Федоров Иван Александрович,FRESH-2026-000051,Программная инженерия,Специалист,ИВТ,2021
Морозов Иван Александрович,FRESH-2026-000052,Информационная безопасность,Бакалавр,ФКН,2022
Волков Иван Александрович,FRESH-2026-000053,Прикладная информатика,Магистр,ФИТ,2023
Алексеев Иван Александрович,FRESH-2026-000054,Бизнес-информатика,Специалист,ФЭУ,2024
Лебедев Иван Александрович,FRESH-2026-000055,Системный анализ и управление,Бакалавр,ЮФ,2025
Семенов Иван Александрович,FRESH-2026-000056,Искусственный интеллект,Магистр,ФМО,2026
Егоров Иван Александрович,FRESH-2026-000057,Экономика,Специалист,ФПМИ,2020
Павлов Иван Александрович,FRESH-2026-000058,Юриспруденция,Бакалавр,ФИБ,2021
Козлов Иван Александрович,FRESH-2026-000059,Менеджмент,Магистр,ФСН,2022
Степанов Иван Александрович,FRESH-2026-000060,Лингвистика,Специалист,ФЭ,2023
Иванов Дмитрий Александрович,FRESH-2026-000061,Программная инженерия,Бакалавр,ИВТ,2024
Петров Дмитрий Александрович,FRESH-2026-000062,Информационная безопасность,Магистр,ФКН,2025
Сидоров Дмитрий Александрович,FRESH-2026-000063,Прикладная информатика,Специалист,ФИТ,2026
Смирнов Дмитрий Александрович,FRESH-2026-000064,Бизнес-информатика,Бакалавр,ФЭУ,2020
Кузнецов Дмитрий Александрович,FRESH-2026-000065,Системный анализ и управление,Магистр,ЮФ,2021
Попов Дмитрий Александрович,FRESH-2026-000066,Искусственный интеллект,Специалист,ФМО,2022
Васильев Дмитрий Александрович,FRESH-2026-000067,Экономика,Бакалавр,ФПМИ,2023
Соколов Дмитрий Александрович,FRESH-2026-000068,Юриспруденция,Магистр,ФИБ,2024
Михайлов Дмитрий Александрович,FRESH-2026-000069,Менеджмент,Специалист,ФСН,2025
Новиков Дмитрий Александрович,FRESH-2026-000070,Лингвистика,Бакалавр,ФЭ,2026
Федоров Дмитрий Александрович,FRESH-2026-000071,Программная инженерия,Магистр,ИВТ,2020
Морозов Дмитрий Александрович,FRESH-2026-000072,Информационная безопасность,Специалист,ФКН,2021
Волков Дмитрий Александрович,FRESH-2026-000073,Прикладная информатика,Бакалавр,ФИТ,2022
Алексеев Дмитрий Александрович,FRESH-2026-000074,Бизнес-информатика,Магистр,ФЭУ,2023
Лебедев Дмитрий Александрович,FRESH-2026-000075,Системный анализ и управление,Специалист,ЮФ,2024
Семенов Дмитрий Александрович,FRESH-2026-000076,Искусственный интеллект,Бакалавр,ФМО,2025
Егоров Дмитрий Александрович,FRESH-2026-000077,Экономика,Магистр,ФПМИ,2026
Павлов Дмитрий Александрович,FRESH-2026-000078,Юриспруденция,Специалист,ФИБ,2020
Козлов Дмитрий Александрович,FRESH-2026-000079,Менеджмент,Бакалавр,ФСН,2021
Степанов Дмитрий Александрович,FRESH-2026-000080,Лингвистика,Магистр,ФЭ,2022
Иванов Артем Александрович,FRESH-2026-000081,Программная инженерия,Специалист,ИВТ,2023
Петров Артем Александрович,FRESH-2026-000082,Информационная безопасность,Бакалавр,ФКН,2024
Сидоров Артем Александрович,FRESH-2026-000083,Прикладная информатика,Магистр,ФИТ,2025
Смирнов Артем Александрович,FRESH-2026-000084,Бизнес-информатика,Специалист,ФЭУ,2026
Кузнецов Артем Александрович,FRESH-2026-000085,Системный анализ и управление,Бакалавр,ЮФ,2020
Попов Артем Александрович,FRESH-2026-000086,Искусственный интеллект,Магистр,ФМО,2021
Васильев Артем Александрович,FRESH-2026-000087,Экономика,Специалист,ФПМИ,2022
Соколов Артем Александрович,FRESH-2026-000088,Юриспруденция,Бакалавр,ФИБ,2023
Михайлов Артем Александрович,FRESH-2026-000089,Менеджмент,Магистр,ФСН,2024
Новиков Артем Александрович,FRESH-2026-000090,Лингвистика,Специалист,ФЭ,2025
Федоров Артем Александрович,FRESH-2026-000091,Программная инженерия,Бакалавр,ИВТ,2026
Морозов Артем Александрович,FRESH-2026-000092,Информационная безопасность,Магистр,ФКН,2020
Волков Артем Александрович,FRESH-2026-000093,Прикладная информатика,Специалист,ФИТ,2021
Алексеев Артем Александрович,FRESH-2026-000094,Бизнес-информатика,Бакалавр,ФЭУ,2022
Лебедев Артем Александрович,FRESH-2026-000095,Системный анализ и управление,Магистр,ЮФ,2023
Семенов Артем Александрович,FRESH-2026-000096,Искусственный интеллект,Специалист,ФМО,2024
Егоров Артем Александрович,FRESH-2026-000097,Экономика,Бакалавр,ФПМИ,2025
Павлов Артем Александрович,FRESH-2026-000098,Юриспруденция,Магистр,ФИБ,2026
Козлов Артем Александрович,FRESH-2026-000099,Менеджмент,Специалист,ФСН,2020
Степанов Артем Александрович,FRESH-2026-000100,Лингвистика,Бакалавр,ФЭ,2021
Иванов Кирилл Александрович,FRESH-2026-000101,Программная инженерия,Магистр,ИВТ,2022
Петров Кирилл Александрович,FRESH-2026-000102,Информационная безопасность,Специалист,ФКН,2023
Сидоров Кирилл Александрович,FRESH-2026-000103,Прикладная информатика,Бакалавр,ФИТ,2024
Смирнов Кирилл Александрович,FRESH-2026-000104,Бизнес-информатика,Магистр,ФЭУ,2025
Кузнецов Кирилл Александрович,FRESH-2026-000105,Системный анализ и управление,Специалист,ЮФ,2026
Попов Кирилл Александрович,FRESH-2026-000106,Искусственный интеллект,Бакалавр,ФМО,2020
Васильев Кирилл Александрович,FRESH-2026-000107,Экономика,Магистр,ФПМИ,2021
Соколов Кирилл Александрович,FRESH-2026-000108,Юриспруденция,Специалист,ФИБ,2022
Михайлов Кирилл Александрович,FRESH-2026-000109,Менеджмент,Бакалавр,ФСН,2023
Новиков Кирилл Александрович,FRESH-2026-000110,Лингвистика,Магистр,ФЭ,2024
Федоров Кирилл Александрович,FRESH-2026-000111,Программная инженерия,Специалист,ИВТ,2025
Морозов Кирилл Александрович,FRESH-2026-000112,Информационная безопасность,Бакалавр,ФКН,2026
Волков Кирилл Александрович,FRESH-2026-000113,Прикладная информатика,Магистр,ФИТ,2020
Алексеев Кирилл Александрович,FRESH-2026-000114,Бизнес-информатика,Специалист,ФЭУ,2021
Лебедев Кирилл Александрович,FRESH-2026-000115,Системный анализ и управление,Бакалавр,ЮФ,2022
Семенов Кирилл Александрович,FRESH-2026-000116,Искусственный интеллект,Магистр,ФМО,2023
Егоров Кирилл Александрович,FRESH-2026-000117,Экономика,Специалист,ФПМИ,2024
Павлов Кирилл Александрович,FRESH-2026-000118,Юриспруденция,Бакалавр,ФИБ,2025
Козлов Кирилл Александрович,FRESH-2026-000119,Менеджмент,Магистр,ФСН,2026
Степанов Кирилл Александрович,FRESH-2026-000120,Лингвистика,Специалист,ФЭ,2020
Иванов Никита Александрович,FRESH-2026-000121,Программная инженерия,Бакалавр,ИВТ,2021
Петров Никита Александрович,FRESH-2026-000122,Информационная безопасность,Магистр,ФКН,2022
Сидоров Никита Александрович,FRESH-2026-000123,Прикладная информатика,Специалист,ФИТ,2023
Смирнов Никита Александрович,FRESH-2026-000124,Бизнес-информатика,Бакалавр,ФЭУ,2024
Кузнецов Никита Александрович,FRESH-2026-000125,Системный анализ и управление,Магистр,ЮФ,2025
Попов Никита Александрович,FRESH-2026-000126,Искусственный интеллект,Специалист,ФМО,2026
Васильев Никита Александрович,FRESH-2026-000127,Экономика,Бакалавр,ФПМИ,2020
Соколов Никита Александрович,FRESH-2026-000128,Юриспруденция,Магистр,ФИБ,2021
Михайлов Никита Александрович,FRESH-2026-000129,Менеджмент,Специалист,ФСН,2022
Новиков Никита Александрович,FRESH-2026-000130,Лингвистика,Бакалавр,ФЭ,2023
Федоров Никита Александрович,FRESH-2026-000131,Программная инженерия,Магистр,ИВТ,2024
Морозов Никита Александрович,FRESH-2026-000132,Информационная безопасность,Специалист,ФКН,2025
Волков Никита Александрович,FRESH-2026-000133,Прикладная информатика,Бакалавр,ФИТ,2026
Алексеев Никита Александрович,FRESH-2026-000134,Бизнес-информатика,Магистр,ФЭУ,2020
Лебедев Никита Александрович,FRESH-2026-000135,Системный анализ и управление,Специалист,ЮФ,2021
Семенов Никита Александрович,FRESH-2026-000136,Искусственный интеллект,Бакалавр,ФМО,2022
Егоров Никита Александрович,FRESH-2026-000137,Экономика,Магистр,ФПМИ,2023
Павлов Никита Александрович,FRESH-2026-000138,Юриспруденция,Специалист,ФИБ,2024
Козлов Никита Александрович,FRESH-2026-000139,Менеджмент,Бакалавр,ФСН,2025
Степанов Никита Александрович,FRESH-2026-000140,Лингвистика,Магистр,ФЭ,2026
Иванов Михаил Александрович,FRESH-2026-000141,Программная инженерия,Специалист,ИВТ,2020
Петров Михаил Александрович,FRESH-2026-000142,Информационная безопасность,Бакалавр,ФКН,2021
Сидоров Михаил Александрович,FRESH-2026-000143,Прикладная информатика,Магистр,ФИТ,2022
Смирнов Михаил Александрович,FRESH-2026-000144,Бизнес-информатика,Специалист,ФЭУ,2023
Кузнецов Михаил Александрович,FRESH-2026-000145,Системный анализ и управление,Бакалавр,ЮФ,2024
Попов Михаил Александрович,FRESH-2026-000146,Искусственный интеллект,Магистр,ФМО,2025
Васильев Михаил Александрович,FRESH-2026-000147,Экономика,Специалист,ФПМИ,2026
Соколов Михаил Александрович,FRESH-2026-000148,Юриспруденция,Бакалавр,ФИБ,2020
Михайлов Михаил Александрович,FRESH-2026-000149,Менеджмент,Магистр,ФСН,2021
Новиков Михаил Александрович,FRESH-2026-000150,Лингвистика,Специалист,ФЭ,2022
Федоров Михаил Александрович,FRESH-2026-000151,Программная инженерия,Бакалавр,ИВТ,2023
Морозов Михаил Александрович,FRESH-2026-000152,Информационная безопасность,Магистр,ФКН,2024
Волков Михаил Александрович,FRESH-2026-000153,Прикладная информатика,Специалист,ФИТ,2025
Алексеев Михаил Александрович,FRESH-2026-000154,Бизнес-информатика,Бакалавр,ФЭУ,2026
Лебедев Михаил Александрович,FRESH-2026-000155,Системный анализ и управление,Магистр,ЮФ,2020
Семенов Михаил Александрович,FRESH-2026-000156,Искусственный интеллект,Специалист,ФМО,2021
Егоров Михаил Александрович,FRESH-2026-000157,Экономика,Бакалавр,ФПМИ,2022
Павлов Михаил Александрович,FRESH-2026-000158,Юриспруденция,Магистр,ФИБ,2023
Козлов Михаил Александрович,FRESH-2026-000159,Менеджмент,Специалист,ФСН,2024
Степанов Михаил Александрович,FRESH-2026-000160,Лингвистика,Бакалавр,ФЭ,2025
Иванов Егор Александрович,FRESH-2026-000161,Программная инженерия,Магистр,ИВТ,2026
Петров Егор Александрович,FRESH-2026-000162,Информационная безопасность,Специалист,ФКН,2020
Сидоров Егор Александрович,FRESH-2026-000163,Прикладная информатика,Бакалавр,ФИТ,2021
Смирнов Егор Александрович,FRESH-2026-000164,Бизнес-информатика,Магистр,ФЭУ,2022
Кузнецов Егор Александрович,FRESH-2026-000165,Системный анализ и управление,Специалист,ЮФ,2023
Попов Егор Александрович,FRESH-2026-000166,Искусственный интеллект,Бакалавр,ФМО,2024
Васильев Егор Александрович,FRESH-2026-000167,Экономика,Магистр,ФПМИ,2025
Соколов Егор Александрович,FRESH-2026-000168,Юриспруденция,Специалист,ФИБ,2026
Михайлов Егор Александрович,FRESH-2026-000169,Менеджмент,Бакалавр,ФСН,2020
Новиков Егор Александрович,FRESH-2026-000170,Лингвистика,Магистр,ФЭ,2021
Федоров Егор Александрович,FRESH-2026-000171,Программная инженерия,Специалист,ИВТ,2022
Морозов Егор Александрович,FRESH-2026-000172,Информационная безопасность,Бакалавр,ФКН,2023
Волков Егор Александрович,FRESH-2026-000173,Прикладная информатика,Магистр,ФИТ,2024
Алексеев Егор Александрович,FRESH-2026-000174,Бизнес-информатика,Специалист,ФЭУ,2025
Лебедев Егор Александрович,FRESH-2026-000175,Системный анализ и управление,Бакалавр,ЮФ,2026
Семенов Егор Александрович,FRESH-2026-000176,Искусственный интеллект,Магистр,ФМО,2020
Егоров Егор Александрович,FRESH-2026-000177,Экономика,Специалист,ФПМИ,2021
Павлов Егор Александрович,FRESH-2026-000178,Юриспруденция,Бакалавр,ФИБ,2022
Козлов Егор Александрович,FRESH-2026-000179,Менеджмент,Магистр,ФСН,2023
Степанов Егор Александрович,FRESH-2026-000180,Лингвистика,Специалист,ФЭ,2024
Иванов Матвей Александрович,FRESH-2026-000181,Программная инженерия,Бакалавр,ИВТ,2025
Петров Матвей Александрович,FRESH-2026-000182,Информационная безопасность,Магистр,ФКН,2026
Сидоров Матвей Александрович,FRESH-2026-000183,Прикладная информатика,Специалист,ФИТ,2020
Смирнов Матвей Александрович,FRESH-2026-000184,Бизнес-информатика,Бакалавр,ФЭУ,2021
Кузнецов Матвей Александрович,FRESH-2026-000185,Системный анализ и управление,Магистр,ЮФ,2022
Попов Матвей Александрович,FRESH-2026-000186,Искусственный интеллект,Специалист,ФМО,2023
Васильев Матвей Александрович,FRESH-2026-000187,Экономика,Бакалавр,ФПМИ,2024
Соколов Матвей Александрович,FRESH-2026-000188,Юриспруденция,Магистр,ФИБ,2025
Михайлов Матвей Александрович,FRESH-2026-000189,Менеджмент,Специалист,ФСН,2026
Новиков Матвей Александрович,FRESH-2026-000190,Лингвистика,Бакалавр,ФЭ,2020
Федоров Матвей Александрович,FRESH-2026-000191,Программная инженерия,Магистр,ИВТ,2021
Морозов Матвей Александрович,FRESH-2026-000192,Информационная безопасность,Специалист,ФКН,2022
Волков Матвей Александрович,FRESH-2026-000193,Прикладная информатика,Бакалавр,ФИТ,2023
Алексеев Матвей Александрович,FRESH-2026-000194,Бизнес-информатика,Магистр,ФЭУ,2024
Лебедев Матвей Александрович,FRESH-2026-000195,Системный анализ и управление,Специалист,ЮФ,2025
Семенов Матвей Александрович,FRESH-2026-000196,Искусственный интеллект,Бакалавр,ФМО,2026
Егоров Матвей Александрович,FRESH-2026-000197,Экономика,Магистр,ФПМИ,2020
Павлов Матвей Александрович,FRESH-2026-000198,Юриспруденция,Специалист,ФИБ,2021
Козлов Матвей Александрович,FRESH-2026-000199,Менеджмент,Бакалавр,ФСН,2022
Степанов Матвей Александрович,FRESH-2026-000200,Лингвистика,Магистр,ФЭ,2023
Иванов Илья Александрович,FRESH-2026-000201,Программная инженерия,Специалист,ИВТ,2024
Петров Илья Александрович,FRESH-2026-000202,Информационная безопасность,Бакалавр,ФКН,2025
Сидоров Илья Александрович,FRESH-2026-000203,Прикладная информатика,Магистр,ФИТ,2026
Смирнов Илья Александрович,FRESH-2026-000204,Бизнес-информатика,Специалист,ФЭУ,2020
Кузнецов Илья Александрович,FRESH-2026-000205,Системный анализ и управление,Бакалавр,ЮФ,2021
Попов Илья Александрович,FRESH-2026-000206,Искусственный интеллект,Магистр,ФМО,2022
Васильев Илья Александрович,FRESH-2026-000207,Экономика,Специалист,ФПМИ,2023
Соколов Илья Александрович,FRESH-2026-000208,Юриспруденция,Бакалавр,ФИБ,2024
Михайлов Илья Александрович,FRESH-2026-000209,Менеджмент,Магистр,ФСН,2025
Новиков Илья Александрович,FRESH-2026-000210,Лингвистика,Специалист,ФЭ,2026
Федоров Илья Александрович,FRESH-2026-000211,Программная инженерия,Бакалавр,ИВТ,2020
Морозов Илья Александрович,FRESH-2026-000212,Информационная безопасность,Магистр,ФКН,2021
Волков Илья Александрович,FRESH-2026-000213,Прикладная информатика,Специалист,ФИТ,2022
Алексеев Илья Александрович,FRESH-2026-000214,Бизнес-информатика,Бакалавр,ФЭУ,2023
Лебедев Илья Александрович,FRESH-2026-000215,Системный анализ и управление,Магистр,ЮФ,2024
Семенов Илья Александрович,FRESH-2026-000216,Искусственный интеллект,Специалист,ФМО,2025
Егоров Илья Александрович,FRESH-2026-000217,Экономика,Бакалавр,ФПМИ,2026
Павлов Илья Александрович,FRESH-2026-000218,Юриспруденция,Магистр,ФИБ,2020
Козлов Илья Александрович,FRESH-2026-000219,Менеджмент,Специалист,ФСН,2021
Степанов Илья Александрович,FRESH-2026-000220,Лингвистика,Бакалавр,ФЭ,2022
Иванов Андрей Александрович,FRESH-2026-000221,Программная инженерия,Магистр,ИВТ,2023
Петров Андрей Александрович,FRESH-2026-000222,Информационная безопасность,Специалист,ФКН,2024
Сидоров Андрей Александрович,FRESH-2026-000223,Прикладная информатика,Бакалавр,ФИТ,2025
Смирнов Андрей Александрович,FRESH-2026-000224,Бизнес-информатика,Магистр,ФЭУ,2026
Кузнецов Андрей Александрович,FRESH-2026-000225,Системный анализ и управление,Специалист,ЮФ,2020
Попов Андрей Александрович,FRESH-2026-000226,Искусственный интеллект,Бакалавр,ФМО,2021
Васильев Андрей Александрович,FRESH-2026-000227,Экономика,Магистр,ФПМИ,2022
Соколов Андрей Александрович,FRESH-2026-000228,Юриспруденция,Специалист,ФИБ,2023
Михайлов Андрей Александрович,FRESH-2026-000229,Менеджмент,Бакалавр,ФСН,2024
Новиков Андрей Александрович,FRESH-2026-000230,Лингвистика,Магистр,ФЭ,2025
Федоров Андрей Александрович,FRESH-2026-000231,Программная инженерия,Специалист,ИВТ,2026
Морозов Андрей Александрович,FRESH-2026-000232,Информационная безопасность,Бакалавр,ФКН,2020
Волков Андрей Александрович,FRESH-2026-000233,Прикладная информатика,Магистр,ФИТ,2021
Алексеев Андрей Александрович,FRESH-2026-000234,Бизнес-информатика,Специалист,ФЭУ,2022
Лебедев Андрей Александрович,FRESH-2026-000235,Системный анализ и управление,Бакалавр,ЮФ,2023
Семенов Андрей Александрович,FRESH-2026-000236,Искусственный интеллект,Магистр,ФМО,2024
Егоров Андрей Александрович,FRESH-2026-000237,Экономика,Специалист,ФПМИ,2025
Павлов Андрей Александрович,FRESH-2026-000238,Юриспруденция,Бакалавр,ФИБ,2026
Козлов Андрей Александрович,FRESH-2026-000239,Менеджмент,Магистр,ФСН,2020
Степанов Андрей Александрович,FRESH-2026-000240,Лингвистика,Специалист,ФЭ,2021
Иванов Роман Александрович,FRESH-2026-000241,Программная инженерия,Бакалавр,ИВТ,2022
Петров Роман Александрович,FRESH-2026-000242,Информационная безопасность,Магистр,ФКН,2023
Сидоров Роман Александрович,FRESH-2026-000243,Прикладная информатика,Специалист,ФИТ,2024
Смирнов Роман Александрович,FRESH-2026-000244,Бизнес-информатика,Бакалавр,ФЭУ,2025
Кузнецов Роман Александрович,FRESH-2026-000245,Системный анализ и управление,Магистр,ЮФ,2026
Попов Роман Александрович,FRESH-2026-000246,Искусственный интеллект,Специалист,ФМО,2020
Васильев Роман Александрович,FRESH-2026-000247,Экономика,Бакалавр,ФПМИ,2021
Соколов Роман Александрович,FRESH-2026-000248,Юриспруденция,Магистр,ФИБ,2022
Михайлов Роман Александрович,FRESH-2026-000249,Менеджмент,Специалист,ФСН,2023
Новиков Роман Александрович,FRESH-2026-000250,Лингвистика,Бакалавр,ФЭ,2024
Федоров Роман Александрович,FRESH-2026-000251,Программная инженерия,Магистр,ИВТ,2025
Морозов Роман Александрович,FRESH-2026-000252,Информационная безопасность,Специалист,ФКН,2026
Волков Роман Александрович,FRESH-2026-000253,Прикладная информатика,Бакалавр,ФИТ,2020
Алексеев Роман Александрович,FRESH-2026-000254,Бизнес-информатика,Магистр,ФЭУ,2021
Лебедев Роман Александрович,FRESH-2026-000255,Системный анализ и управление,Специалист,ЮФ,2022
Семенов Роман Александрович,FRESH-2026-000256,Искусственный интеллект,Бакалавр,ФМО,2023
Егоров Роман Александрович,FRESH-2026-000257,Экономика,Магистр,ФПМИ,2024
Павлов Роман Александрович,FRESH-2026-000258,Юриспруденция,Специалист,ФИБ,2025
Козлов Роман Александрович,FRESH-2026-000259,Менеджмент,Бакалавр,ФСН,2026
Степанов Роман Александрович,FRESH-2026-000260,Лингвистика,Магистр,ФЭ,2020
Иванов Владимир Александрович,FRESH-2026-000261,Программная инженерия,Специалист,ИВТ,2021
Петров Владимир Александрович,FRESH-2026-000262,Информационная безопасность,Бакалавр,ФКН,2022
Сидоров Владимир Александрович,FRESH-2026-000263,Прикладная информатика,Магистр,ФИТ,2023
Смирнов Владимир Александрович,FRESH-2026-000264,Бизнес-информатика,Специалист,ФЭУ,2024
Кузнецов Владимир Александрович,FRESH-2026-000265,Системный анализ и управление,Бакалавр,ЮФ,2025
Попов Владимир Александрович,FRESH-2026-000266,Искусственный интеллект,Магистр,ФМО,2026
Васильев Владимир Александрович,FRESH-2026-000267,Экономика,Специалист,ФПМИ,2020
Соколов Владимир Александрович,FRESH-2026-000268,Юриспруденция,Бакалавр,ФИБ,2021
Михайлов Владимир Александрович,FRESH-2026-000269,Менеджмент,Магистр,ФСН,2022
Новиков Владимир Александрович,FRESH-2026-000270,Лингвистика,Специалист,ФЭ,2023
Федоров Владимир Александрович,FRESH-2026-000271,Программная инженерия,Бакалавр,ИВТ,2024
Морозов Владимир Александрович,FRESH-2026-000272,Информационная безопасность,Магистр,ФКН,2025
Волков Владимир Александрович,FRESH-2026-000273,Прикладная информатика,Специалист,ФИТ,2026
Алексеев Владимир Александрович,FRESH-2026-000274,Бизнес-информатика,Бакалавр,ФЭУ,2020
Лебедев Владимир Александрович,FRESH-2026-000275,Системный анализ и управление,Магистр,ЮФ,2021
Семенов Владимир Александрович,FRESH-2026-000276,Искусственный интеллект,Специалист,ФМО,2022
Егоров Владимир Александрович,FRESH-2026-000277,Экономика,Бакалавр,ФПМИ,2023
Павлов Владимир Александрович,FRESH-2026-000278,Юриспруденция,Магистр,ФИБ,2024
Козлов Владимир Александрович,FRESH-2026-000279,Менеджмент,Специалист,ФСН,2025
Степанов Владимир Александрович,FRESH-2026-000280,Лингвистика,Бакалавр,ФЭ,2026
Иванов Тимур Александрович,FRESH-2026-000281,Программная инженерия,Магистр,ИВТ,2020
Петров Тимур Александрович,FRESH-2026-000282,Информационная безопасность,Специалист,ФКН,2021
Сидоров Тимур Александрович,FRESH-2026-000283,Прикладная информатика,Бакалавр,ФИТ,2022
Смирнов Тимур Александрович,FRESH-2026-000284,Бизнес-информатика,Магистр,ФЭУ,2023
Кузнецов Тимур Александрович,FRESH-2026-000285,Системный анализ и управление,Специалист,ЮФ,2024
Попов Тимур Александрович,FRESH-2026-000286,Искусственный интеллект,Бакалавр,ФМО,2025
Васильев Тимур Александрович,FRESH-2026-000287,Экономика,Магистр,ФПМИ,2026
Соколов Тимур Александрович,FRESH-2026-000288,Юриспруденция,Специалист,ФИБ,2020
Михайлов Тимур Александрович,FRESH-2026-000289,Менеджмент,Бакалавр,ФСН,2021
Новиков Тимур Александрович,FRESH-2026-000290,Лингвистика,Магистр,ФЭ,2022
Федоров Тимур Александрович,FRESH-2026-000291,Программная инженерия,Специалист,ИВТ,2023
Морозов Тимур Александрович,FRESH-2026-000292,Информационная безопасность,Бакалавр,ФКН,2024
Волков Тимур Александрович,FRESH-2026-000293,Прикладная информатика,Магистр,ФИТ,2025
Алексеев Тимур Александрович,FRESH-2026-000294,Бизнес-информатика,Специалист,ФЭУ,2026
Лебедев Тимур Александрович,FRESH-2026-000295,Системный анализ и управление,Бакалавр,ЮФ,2020
Семенов Тимур Александрович,FRESH-2026-000296,Искусственный интеллект,Магистр,ФМО,2021
Егоров Тимур Александрович,FRESH-2026-000297,Экономика,Специалист,ФПМИ,2022
Павлов Тимур Александрович,FRESH-2026-000298,Юриспруденция,Бакалавр,ФИБ,2023
Козлов Тимур Александрович,FRESH-2026-000299,Менеджмент,Магистр,ФСН,2024
Степанов Тимур Александрович,FRESH-2026-000300,Лингвистика,Специалист,ФЭ,2025
Иванов Даниил Александрович,FRESH-2026-000301,Программная инженерия,Бакалавр,ИВТ,2026
Петров Даниил Александрович,FRESH-2026-000302,Информационная безопасность,Магистр,ФКН,2020
Сидоров Даниил Александрович,FRESH-2026-000303,Прикладная информатика,Специалист,ФИТ,2021
Смирнов Даниил Александрович,FRESH-2026-000304,Бизнес-информатика,Бакалавр,ФЭУ,2022
Кузнецов Даниил Александрович,FRESH-2026-000305,Системный анализ и управление,Магистр,ЮФ,2023
Попов Даниил Александрович,FRESH-2026-000306,Искусственный интеллект,Специалист,ФМО,2024
Васильев Даниил Александрович,FRESH-2026-000307,Экономика,Бакалавр,ФПМИ,2025
Соколов Даниил Александрович,FRESH-2026-000308,Юриспруденция,Магистр,ФИБ,2026
Михайлов Даниил Александрович,FRESH-2026-000309,Менеджмент,Специалист,ФСН,2020
Новиков Даниил Александрович,FRESH-2026-000310,Лингвистика,Бакалавр,ФЭ,2021
Федоров Даниил Александрович,FRESH-2026-000311,Программная инженерия,Магистр,ИВТ,2022
Морозов Даниил Александрович,FRESH-2026-000312,Информационная безопасность,Специалист,ФКН,2023
Волков Даниил Александрович,FRESH-2026-000313,Прикладная информатика,Бакалавр,ФИТ,2024
Алексеев Даниил Александрович,FRESH-2026-000314,Бизнес-информатика,Магистр,ФЭУ,2025
Лебедев Даниил Александрович,FRESH-2026-000315,Системный анализ и управление,Специалист,ЮФ,2026
Семенов Даниил Александрович,FRESH-2026-000316,Искусственный интеллект,Бакалавр,ФМО,2020
Егоров Даниил Александрович,FRESH-2026-000317,Экономика,Магистр,ФПМИ,2021
Павлов Даниил Александрович,FRESH-2026-000318,Юриспруденция,Специалист,ФИБ,2022
Козлов Даниил Александрович,FRESH-2026-000319,Менеджмент,Бакалавр,ФСН,2023
Степанов Даниил Александрович,FRESH-2026-000320,Лингвистика,Магистр,ФЭ,2024
Иванов Павел Александрович,FRESH-2026-000321,Программная инженерия,Специалист,ИВТ,2025
Петров Павел Александрович,FRESH-2026-000322,Информационная безопасность,Бакалавр,ФКН,2026
Сидоров Павел Александрович,FRESH-2026-000323,Прикладная информатика,Магистр,ФИТ,2020
Смирнов Павел Александрович,FRESH-2026-000324,Бизнес-информатика,Специалист,ФЭУ,2021
Кузнецов Павел Александрович,FRESH-2026-000325,Системный анализ и управление,Бакалавр,ЮФ,2022
Попов Павел Александрович,FRESH-2026-000326,Искусственный интеллект,Магистр,ФМО,2023
Васильев Павел Александрович,FRESH-2026-000327,Экономика,Специалист,ФПМИ,2024
Соколов Павел Александрович,FRESH-2026-000328,Юриспруденция,Бакалавр,ФИБ,2025
Михайлов Павел Александрович,FRESH-2026-000329,Менеджмент,Магистр,ФСН,2026
Новиков Павел Александрович,FRESH-2026-000330,Лингвистика,Специалист,ФЭ,2020
Федоров Павел Александрович,FRESH-2026-000331,Программная инженерия,Бакалавр,ИВТ,2021
Морозов Павел Александрович,FRESH-2026-000332,Информационная безопасность,Магистр,ФКН,2022
Волков Павел Александрович,FRESH-2026-000333,Прикладная информатика,Специалист,ФИТ,2023
Алексеев Павел Александрович,FRESH-2026-000334,Бизнес-информатика,Бакалавр,ФЭУ,2024
Лебедев Павел Александрович,FRESH-2026-000335,Системный анализ и управление,Магистр,ЮФ,2025
Семенов Павел Александрович,FRESH-2026-000336,Искусственный интеллект,Специалист,ФМО,2026
Егоров Павел Александрович,FRESH-2026-000337,Экономика,Бакалавр,ФПМИ,2020
Павлов Павел Александрович,FRESH-2026-000338,Юриспруденция,Магистр,ФИБ,2021
Козлов Павел Александрович,FRESH-2026-000339,Менеджмент,Специалист,ФСН,2022
Степанов Павел Александрович,FRESH-2026-000340,Лингвистика,Бакалавр,ФЭ,2023
Иванов Арсений Александрович,FRESH-2026-000341,Программная инженерия,Магистр,ИВТ,2024
Петров Арсений Александрович,FRESH-2026-000342,Информационная безопасность,Специалист,ФКН,2025
Сидоров Арсений Александрович,FRESH-2026-000343,Прикладная информатика,Бакалавр,ФИТ,2026
Смирнов Арсений Александрович,FRESH-2026-000344,Бизнес-информатика,Магистр,ФЭУ,2020
Кузнецов Арсений Александрович,FRESH-2026-000345,Системный анализ и управление,Специалист,ЮФ,2021
Попов Арсений Александрович,FRESH-2026-000346,Искусственный интеллект,Бакалавр,ФМО,2022
Васильев Арсений Александрович,FRESH-2026-000347,Экономика,Магистр,ФПМИ,2023
Соколов Арсений Александрович,FRESH-2026-000348,Юриспруденция,Специалист,ФИБ,2024
Михайлов Арсений Александрович,FRESH-2026-000349,Менеджмент,Бакалавр,ФСН,2025
Новиков Арсений Александрович,FRESH-2026-000350,Лингвистика,Магистр,ФЭ,2026
Федоров Арсений Александрович,FRESH-2026-000351,Программная инженерия,Специалист,ИВТ,2020
Морозов Арсений Александрович,FRESH-2026-000352,Информационная безопасность,Бакалавр,ФКН,2021
Волков Арсений Александрович,FRESH-2026-000353,Прикладная информатика,Магистр,ФИТ,2022
Алексеев Арсений Александрович,FRESH-2026-000354,Бизнес-информатика,Специалист,ФЭУ,2023
Лебедев Арсений Александрович,FRESH-2026-000355,Системный анализ и управление,Бакалавр,ЮФ,2024
Семенов Арсений Александрович,FRESH-2026-000356,Искусственный интеллект,Магистр,ФМО,2025
Егоров Арсений Александрович,FRESH-2026-000357,Экономика,Специалист,ФПМИ,2026
Павлов Арсений Александрович,FRESH-2026-000358,Юриспруденция,Бакалавр,ФИБ,2020
Козлов Арсений Александрович,FRESH-2026-000359,Менеджмент,Магистр,ФСН,2021
Степанов Арсений Александрович,FRESH-2026-000360,Лингвистика,Специалист,ФЭ,2022
Иванов Глеб Александрович,FRESH-2026-000361,Программная инженерия,Бакалавр,ИВТ,2023
Петров Глеб Александрович,FRESH-2026-000362,Информационная безопасность,Магистр,ФКН,2024
Сидоров Глеб Александрович,FRESH-2026-000363,Прикладная информатика,Специалист,ФИТ,2025
Смирнов Глеб Александрович,FRESH-2026-000364,Бизнес-информатика,Бакалавр,ФЭУ,2026
Кузнецов Глеб Александрович,FRESH-2026-000365,Системный анализ и управление,Магистр,ЮФ,2020
Попов Глеб Александрович,FRESH-2026-000366,Искусственный интеллект,Специалист,ФМО,2021
Васильев Глеб Александрович,FRESH-2026-000367,Экономика,Бакалавр,ФПМИ,2022
Соколов Глеб Александрович,FRESH-2026-000368,Юриспруденция,Магистр,ФИБ,2023
Михайлов Глеб Александрович,FRESH-2026-000369,Менеджмент,Специалист,ФСН,2024
Новиков Глеб Александрович,FRESH-2026-000370,Лингвистика,Бакалавр,ФЭ,2025
Федоров Глеб Александрович,FRESH-2026-000371,Программная инженерия,Магистр,ИВТ,2026
Морозов Глеб Александрович,FRESH-2026-000372,Информационная безопасность,Специалист,ФКН,2020
Волков Глеб Александрович,FRESH-2026-000373,Прикладная информатика,Бакалавр,ФИТ,2021
Алексеев Глеб Александрович,FRESH-2026-000374,Бизнес-информатика,Магистр,ФЭУ,2022
Лебедев Глеб Александрович,FRESH-2026-000375,Системный анализ и управление,Специалист,ЮФ,2023
Семенов Глеб Александрович,FRESH-2026-000376,Искусственный интеллект,Бакалавр,ФМО,2024
Егоров Глеб Александрович,FRESH-2026-000377,Экономика,Магистр,ФПМИ,2025
Павлов Глеб Александрович,FRESH-2026-000378,Юриспруденция,Специалист,ФИБ,2026
Козлов Глеб Александрович,FRESH-2026-000379,Менеджмент,Бакалавр,ФСН,2020
Степанов Глеб Александрович,FRESH-2026-000380,Лингвистика,Магистр,ФЭ,2021
Иванов Константин Александрович,FRESH-2026-000381,Программная инженерия,Специалист,ИВТ,2022
Петров Константин Александрович,FRESH-2026-000382,Информационная безопасность,Бакалавр,ФКН,2023
Сидоров Константин Александрович,FRESH-2026-000383,Прикладная информатика,Магистр,ФИТ,2024
Смирнов Константин Александрович,FRESH-2026-000384,Бизнес-информатика,Специалист,ФЭУ,2025
Кузнецов Константин Александрович,FRESH-2026-000385,Системный анализ и управление,Бакалавр,ЮФ,2026
Попов Константин Александрович,FRESH-2026-000386,Искусственный интеллект,Магистр,ФМО,2020
Васильев Константин Александрович,FRESH-2026-000387,Экономика,Специалист,ФПМИ,2021
Соколов Константин Александрович,FRESH-2026-000388,Юриспруденция,Бакалавр,ФИБ,2022
Михайлов Константин Александрович,FRESH-2026-000389,Менеджмент,Магистр,ФСН,2023
Новиков Константин Александрович,FRESH-2026-000390,Лингвистика,Специалист,ФЭ,2024
Федоров Константин Александрович,FRESH-2026-000391,Программная инженерия,Бакалавр,ИВТ,2025
Морозов Константин Александрович,FRESH-2026-000392,Информационная безопасность,Магистр,ФКН,2026
Волков Константин Александрович,FRESH-2026-000393,Прикладная информатика,Специалист,ФИТ,2020
Алексеев Константин Александрович,FRESH-2026-000394,Бизнес-информатика,Бакалавр,ФЭУ,2021
Лебедев Константин Александрович,FRESH-2026-000395,Системный анализ и управление,Магистр,ЮФ,2022
Семенов Константин Александрович,FRESH-2026-000396,Искусственный интеллект,Специалист,ФМО,2023
Егоров Константин Александрович,FRESH-2026-000397,Экономика,Бакалавр,ФПМИ,2024
Павлов Константин Александрович,FRESH-2026-000398,Юриспруденция,Магистр,ФИБ,2025
Козлов Константин Александрович,FRESH-2026-000399,Менеджмент,Специалист,ФСН,2026
Степанов Константин Александрович,FRESH-2026-000400,Лингвистика,Бакалавр,ФЭ,2020
Иванов Александр Максимович,FRESH-2026-000401,Программная инженерия,Магистр,ИВТ,2021
Петров Александр Максимович,FRESH-2026-000402,Информационная безопасность,Специалист,ФКН,2022
Сидоров Александр Максимович,FRESH-2026-000403,Прикладная информатика,Бакалавр,ФИТ,2023
Смирнов Александр Максимович,FRESH-2026-000404,Бизнес-информатика,Магистр,ФЭУ,2024
Кузнецов Александр Максимович,FRESH-2026-000405,Системный анализ и управление,Специалист,ЮФ,2025
Попов Александр Максимович,FRESH-2026-000406,Искусственный интеллект,Бакалавр,ФМО,2026
Васильев Александр Максимович,FRESH-2026-000407,Экономика,Магистр,ФПМИ,2020
Соколов Александр Максимович,FRESH-2026-000408,Юриспруденция,Специалист,ФИБ,2021
Михайлов Александр Максимович,FRESH-2026-000409,Менеджмент,Бакалавр,ФСН,2022
Новиков Александр Максимович,FRESH-2026-000410,Лингвистика,Магистр,ФЭ,2023
Федоров Александр Максимович,FRESH-2026-000411,Программная инженерия,Специалист,ИВТ,2024
Морозов Александр Максимович,FRESH-2026-000412,Информационная безопасность,Бакалавр,ФКН,2025
Волков Александр Максимович,FRESH-2026-000413,Прикладная информатика,Магистр,ФИТ,2026
Алексеев Александр Максимович,FRESH-2026-000414,Бизнес-информатика,Специалист,ФЭУ,2020
Лебедев Александр Максимович,FRESH-2026-000415,Системный анализ и управление,Бакалавр,ЮФ,2021
Семенов Александр Максимович,FRESH-2026-000416,Искусственный интеллект,Магистр,ФМО,2022
Егоров Александр Максимович,FRESH-2026-000417,Экономика,Специалист,ФПМИ,2023
Павлов Александр Максимович,FRESH-2026-000418,Юриспруденция,Бакалавр,ФИБ,2024
Козлов Александр Максимович,FRESH-2026-000419,Менеджмент,Магистр,ФСН,2025
Степанов Александр Максимович,FRESH-2026-000420,Лингвистика,Специалист,ФЭ,2026
Иванов Максим Максимович,FRESH-2026-000421,Программная инженерия,Бакалавр,ИВТ,2020
Петров Максим Максимович,FRESH-2026-000422,Информационная безопасность,Магистр,ФКН,2021
Сидоров Максим Максимович,FRESH-2026-000423,Прикладная информатика,Специалист,ФИТ,2022
Смирнов Максим Максимович,FRESH-2026-000424,Бизнес-информатика,Бакалавр,ФЭУ,2023
Кузнецов Максим Максимович,FRESH-2026-000425,Системный анализ и управление,Магистр,ЮФ,2024
Попов Максим Максимович,FRESH-2026-000426,Искусственный интеллект,Специалист,ФМО,2025
Васильев Максим Максимович,FRESH-2026-000427,Экономика,Бакалавр,ФПМИ,2026
Соколов Максим Максимович,FRESH-2026-000428,Юриспруденция,Магистр,ФИБ,2020
Михайлов Максим Максимович,FRESH-2026-000429,Менеджмент,Специалист,ФСН,2021
Новиков Максим Максимович,FRESH-2026-000430,Лингвистика,Бакалавр,ФЭ,2022
Федоров Максим Максимович,FRESH-2026-000431,Программная инженерия,Магистр,ИВТ,2023
Морозов Максим Максимович,FRESH-2026-000432,Информационная безопасность,Специалист,ФКН,2024
Волков Максим Максимович,FRESH-2026-000433,Прикладная информатика,Бакалавр,ФИТ,2025
Алексеев Максим Максимович,FRESH-2026-000434,Бизнес-информатика,Магистр,ФЭУ,2026
Лебедев Максим Максимович,FRESH-2026-000435,Системный анализ и управление,Специалист,ЮФ,2020
Семенов Максим Максимович,FRESH-2026-000436,Искусственный интеллект,Бакалавр,ФМО,2021
Егоров Максим Максимович,FRESH-2026-000437,Экономика,Магистр,ФПМИ,2022
Павлов Максим Максимович,FRESH-2026-000438,Юриспруденция,Специалист,ФИБ,2023
Козлов Максим Максимович,FRESH-2026-000439,Менеджмент,Бакалавр,ФСН,2024
Степанов Максим Максимович,FRESH-2026-000440,Лингвистика,Магистр,ФЭ,2025
Иванов Иван Максимович,FRESH-2026-000441,Программная инженерия,Специалист,ИВТ,2026
Петров Иван Максимович,FRESH-2026-000442,Информационная безопасность,Бакалавр,ФКН,2020
Сидоров Иван Максимович,FRESH-2026-000443,Прикладная информатика,Магистр,ФИТ,2021
Смирнов Иван Максимович,FRESH-2026-000444,Бизнес-информатика,Специалист,ФЭУ,2022
Кузнецов Иван Максимович,FRESH-2026-000445,Системный анализ и управление,Бакалавр,ЮФ,2023
Попов Иван Максимович,FRESH-2026-000446,Искусственный интеллект,Магистр,ФМО,2024
Васильев Иван Максимович,FRESH-2026-000447,Экономика,Специалист,ФПМИ,2025
Соколов Иван Максимович,FRESH-2026-000448,Юриспруденция,Бакалавр,ФИБ,2026
Михайлов Иван Максимович,FRESH-2026-000449,Менеджмент,Магистр,ФСН,2020
Новиков Иван Максимович,FRESH-2026-000450,Лингвистика,Специалист,ФЭ,2021
Федоров Иван Максимович,FRESH-2026-000451,Программная инженерия,Бакалавр,ИВТ,2022
Морозов Иван Максимович,FRESH-2026-000452,Информационная безопасность,Магистр,ФКН,2023
Волков Иван Максимович,FRESH-2026-000453,Прикладная информатика,Специалист,ФИТ,2024
Алексеев Иван Максимович,FRESH-2026-000454,Бизнес-информатика,Бакалавр,ФЭУ,2025
Лебедев Иван Максимович,FRESH-2026-000455,Системный анализ и управление,Магистр,ЮФ,2026
Семенов Иван Максимович,FRESH-2026-000456,Искусственный интеллект,Специалист,ФМО,2020
Егоров Иван Максимович,FRESH-2026-000457,Экономика,Бакалавр,ФПМИ,2021
Павлов Иван Максимович,FRESH-2026-000458,Юриспруденция,Магистр,ФИБ,2022
Козлов Иван Максимович,FRESH-2026-000459,Менеджмент,Специалист,ФСН,2023
Степанов Иван Максимович,FRESH-2026-000460,Лингвистика,Бакалавр,ФЭ,2024
Иванов Дмитрий Максимович,FRESH-2026-000461,Программная инженерия,Магистр,ИВТ,2025
Петров Дмитрий Максимович,FRESH-2026-000462,Информационная безопасность,Специалист,ФКН,2026
Сидоров Дмитрий Максимович,FRESH-2026-000463,Прикладная информатика,Бакалавр,ФИТ,2020
Смирнов Дмитрий Максимович,FRESH-2026-000464,Бизнес-информатика,Магистр,ФЭУ,2021
Кузнецов Дмитрий Максимович,FRESH-2026-000465,Системный анализ и управление,Специалист,ЮФ,2022
Попов Дмитрий Максимович,FRESH-2026-000466,Искусственный интеллект,Бакалавр,ФМО,2023
Васильев Дмитрий Максимович,FRESH-2026-000467,Экономика,Магистр,ФПМИ,2024
Соколов Дмитрий Максимович,FRESH-2026-000468,Юриспруденция,Специалист,ФИБ,2025
Михайлов Дмитрий Максимович,FRESH-2026-000469,Менеджмент,Бакалавр,ФСН,2026
Новиков Дмитрий Максимович,FRESH-2026-000470,Лингвистика,Магистр,ФЭ,2020
Федоров Дмитрий Максимович,FRESH-2026-000471,Программная инженерия,Специалист,ИВТ,2021
Морозов Дмитрий Максимович,FRESH-2026-000472,Информационная безопасность,Бакалавр,ФКН,2022
Волков Дмитрий Максимович,FRESH-2026-000473,Прикладная информатика,Магистр,ФИТ,2023
Алексеев Дмитрий Максимович,FRESH-2026-000474,Бизнес-информатика,Специалист,ФЭУ,2024
Лебедев Дмитрий Максимович,FRESH-2026-000475,Системный анализ и управление,Бакалавр,ЮФ,2025
Семенов Дмитрий Максимович,FRESH-2026-000476,Искусственный интеллект,Магистр,ФМО,2026
Егоров Дмитрий Максимович,FRESH-2026-000477,Экономика,Специалист,ФПМИ,2020
Павлов Дмитрий Максимович,FRESH-2026-000478,Юриспруденция,Бакалавр,ФИБ,2021
Козлов Дмитрий Максимович,FRESH-2026-000479,Менеджмент,Магистр,ФСН,2022
Степанов Дмитрий Максимович,FRESH-2026-000480,Лингвистика,Специалист,ФЭ,2023
Иванов Артем Максимович,FRESH-2026-000481,Программная инженерия,Бакалавр,ИВТ,2024
Петров Артем Максимович,FRESH-2026-000482,Информационная безопасность,Магистр,ФКН,2025
Сидоров Артем Максимович,FRESH-2026-000483,Прикладная информатика,Специалист,ФИТ,2026
Смирнов Артем Максимович,FRESH-2026-000484,Бизнес-информатика,Бакалавр,ФЭУ,2020
Кузнецов Артем Максимович,FRESH-2026-000485,Системный анализ и управление,Магистр,ЮФ,2021
Попов Артем Максимович,FRESH-2026-000486,Искусственный интеллект,Специалист,ФМО,2022
Васильев Артем Максимович,FRESH-2026-000487,Экономика,Бакалавр,ФПМИ,2023
Соколов Артем Максимович,FRESH-2026-000488,Юриспруденция,Магистр,ФИБ,2024
Михайлов Артем Максимович,FRESH-2026-000489,Менеджмент,Специалист,ФСН,2025
Новиков Артем Максимович,FRESH-2026-000490,Лингвистика,Бакалавр,ФЭ,2026
Федоров Артем Максимович,FRESH-2026-000491,Программная инженерия,Магистр,ИВТ,2020
Морозов Артем Максимович,FRESH-2026-000492,Информационная безопасность,Специалист,ФКН,2021
Волков Артем Максимович,FRESH-2026-000493,Прикладная информатика,Бакалавр,ФИТ,2022
Алексеев Артем Максимович,FRESH-2026-000494,Бизнес-информатика,Магистр,ФЭУ,2023
Лебедев Артем Максимович,FRESH-2026-000495,Системный анализ и управление,Специалист,ЮФ,2024
Семенов Артем Максимович,FRESH-2026-000496,Искусственный интеллект,Бакалавр,ФМО,2025
Егоров Артем Максимович,FRESH-2026-000497,Экономика,Магистр,ФПМИ,2026
Павлов Артем Максимович,FRESH-2026-000498,Юриспруденция,Специалист,ФИБ,2020
Козлов Артем Максимович,FRESH-2026-000499,Менеджмент,Бакалавр,ФСН,2021
Степанов Артем Максимович,FRESH-2026-000500,Лингвистика,Магистр,ФЭ,2022
Иванов Кирилл Максимович,FRESH-2026-000501,Программная инженерия,Специалист,ИВТ,2023
Петров Кирилл Максимович,FRESH-2026-000502,Информационная безопасность,Бакалавр,ФКН,2024
Сидоров Кирилл Максимович,FRESH-2026-000503,Прикладная информатика,Магистр,ФИТ,2025
Смирнов Кирилл Максимович,FRESH-2026-000504,Бизнес-информатика,Специалист,ФЭУ,2026
Кузнецов Кирилл Максимович,FRESH-2026-000505,Системный анализ и управление,Бакалавр,ЮФ,2020
Попов Кирилл Максимович,FRESH-2026-000506,Искусственный интеллект,Магистр,ФМО,2021
Васильев Кирилл Максимович,FRESH-2026-000507,Экономика,Специалист,ФПМИ,2022
Соколов Кирилл Максимович,FRESH-2026-000508,Юриспруденция,Бакалавр,ФИБ,2023
Михайлов Кирилл Максимович,FRESH-2026-000509,Менеджмент,Магистр,ФСН,2024
Новиков Кирилл Максимович,FRESH-2026-000510,Лингвистика,Специалист,ФЭ,2025
Федоров Кирилл Максимович,FRESH-2026-000511,Программная инженерия,Бакалавр,ИВТ,2026
Морозов Кирилл Максимович,FRESH-2026-000512,Информационная безопасность,Магистр,ФКН,2020
Волков Кирилл Максимович,FRESH-2026-000513,Прикладная информатика,Специалист,ФИТ,2021
Алексеев Кирилл Максимович,FRESH-2026-000514,Бизнес-информатика,Бакалавр,ФЭУ,2022
Лебедев Кирилл Максимович,FRESH-2026-000515,Системный анализ и управление,Магистр,ЮФ,2023
Семенов Кирилл Максимович,FRESH-2026-000516,Искусственный интеллект,Специалист,ФМО,2024
Егоров Кирилл Максимович,FRESH-2026-000517,Экономика,Бакалавр,ФПМИ,2025
Павлов Кирилл Максимович,FRESH-2026-000518,Юриспруденция,Магистр,ФИБ,2026
Козлов Кирилл Максимович,FRESH-2026-000519,Менеджмент,Специалист,ФСН,2020
Степанов Кирилл Максимович,FRESH-2026-000520,Лингвистика,Бакалавр,ФЭ,2021
Иванов Никита Максимович,FRESH-2026-000521,Программная инженерия,Магистр,ИВТ,2022
Петров Никита Максимович,FRESH-2026-000522,Информационная безопасность,Специалист,ФКН,2023
Сидоров Никита Максимович,FRESH-2026-000523,Прикладная информатика,Бакалавр,ФИТ,2024
Смирнов Никита Максимович,FRESH-2026-000524,Бизнес-информатика,Магистр,ФЭУ,2025
Кузнецов Никита Максимович,FRESH-2026-000525,Системный анализ и управление,Специалист,ЮФ,2026
Попов Никита Максимович,FRESH-2026-000526,Искусственный интеллект,Бакалавр,ФМО,2020
Васильев Никита Максимович,FRESH-2026-000527,Экономика,Магистр,ФПМИ,2021
Соколов Никита Максимович,FRESH-2026-000528,Юриспруденция,Специалист,ФИБ,2022
Михайлов Никита Максимович,FRESH-2026-000529,Менеджмент,Бакалавр,ФСН,2023
Новиков Никита Максимович,FRESH-2026-000530,Лингвистика,Магистр,ФЭ,2024
Федоров Никита Максимович,FRESH-2026-000531,Программная инженерия,Специалист,ИВТ,2025
Морозов Никита Максимович,FRESH-2026-000532,Информационная безопасность,Бакалавр,ФКН,2026
Волков Никита Максимович,FRESH-2026-000533,Прикладная информатика,Магистр,ФИТ,2020
Алексеев Никита Максимович,FRESH-2026-000534,Бизнес-информатика,Специалист,ФЭУ,2021
Лебедев Никита Максимович,FRESH-2026-000535,Системный анализ и управление,Бакалавр,ЮФ,2022
Семенов Никита Максимович,FRESH-2026-000536,Искусственный интеллект,Магистр,ФМО,2023
Егоров Никита Максимович,FRESH-2026-000537,Экономика,Специалист,ФПМИ,2024
Павлов Никита Максимович,FRESH-2026-000538,Юриспруденция,Бакалавр,ФИБ,2025
Козлов Никита Максимович,FRESH-2026-000539,Менеджмент,Магистр,ФСН,2026
Степанов Никита Максимович,FRESH-2026-000540,Лингвистика,Специалист,ФЭ,2020
Иванов Михаил Максимович,FRESH-2026-000541,Программная инженерия,Бакалавр,ИВТ,2021
Петров Михаил Максимович,FRESH-2026-000542,Информационная безопасность,Магистр,ФКН,2022
Сидоров Михаил Максимович,FRESH-2026-000543,Прикладная информатика,Специалист,ФИТ,2023
Смирнов Михаил Максимович,FRESH-2026-000544,Бизнес-информатика,Бакалавр,ФЭУ,2024
Кузнецов Михаил Максимович,FRESH-2026-000545,Системный анализ и управление,Магистр,ЮФ,2025
Попов Михаил Максимович,FRESH-2026-000546,Искусственный интеллект,Специалист,ФМО,2026
Васильев Михаил Максимович,FRESH-2026-000547,Экономика,Бакалавр,ФПМИ,2020
Соколов Михаил Максимович,FRESH-2026-000548,Юриспруденция,Магистр,ФИБ,2021
Михайлов Михаил Максимович,FRESH-2026-000549,Менеджмент,Специалист,ФСН,2022
Новиков Михаил Максимович,FRESH-2026-000550,Лингвистика,Бакалавр,ФЭ,2023
Федоров Михаил Максимович,FRESH-2026-000551,Программная инженерия,Магистр,ИВТ,2024
Морозов Михаил Максимович,FRESH-2026-000552,Информационная безопасность,Специалист,ФКН,2025
Волков Михаил Максимович,FRESH-2026-000553,Прикладная информатика,Бакалавр,ФИТ,2026
Алексеев Михаил Максимович,FRESH-2026-000554,Бизнес-информатика,Магистр,ФЭУ,2020
Лебедев Михаил Максимович,FRESH-2026-000555,Системный анализ и управление,Специалист,ЮФ,2021
Семенов Михаил Максимович,FRESH-2026-000556,Искусственный интеллект,Бакалавр,ФМО,2022
Егоров Михаил Максимович,FRESH-2026-000557,Экономика,Магистр,ФПМИ,2023
Павлов Михаил Максимович,FRESH-2026-000558,Юриспруденция,Специалист,ФИБ,2024
Козлов Михаил Максимович,FRESH-2026-000559,Менеджмент,Бакалавр,ФСН,2025
Степанов Михаил Максимович,FRESH-2026-000560,Лингвистика,Магистр,ФЭ,2026
Иванов Егор Максимович,FRESH-2026-000561,Программная инженерия,Специалист,ИВТ,2020
Петров Егор Максимович,FRESH-2026-000562,Информационная безопасность,Бакалавр,ФКН,2021
Сидоров Егор Максимович,FRESH-2026-000563,Прикладная информатика,Магистр,ФИТ,2022
Смирнов Егор Максимович,FRESH-2026-000564,Бизнес-информатика,Специалист,ФЭУ,2023
Кузнецов Егор Максимович,FRESH-2026-000565,Системный анализ и управление,Бакалавр,ЮФ,2024
Попов Егор Максимович,FRESH-2026-000566,Искусственный интеллект,Магистр,ФМО,2025
Васильев Егор Максимович,FRESH-2026-000567,Экономика,Специалист,ФПМИ,2026
Соколов Егор Максимович,FRESH-2026-000568,Юриспруденция,Бакалавр,ФИБ,2020
Михайлов Егор Максимович,FRESH-2026-000569,Менеджмент,Магистр,ФСН,2021
Новиков Егор Максимович,FRESH-2026-000570,Лингвистика,Специалист,ФЭ,2022
Федоров Егор Максимович,FRESH-2026-000571,Программная инженерия,Бакалавр,ИВТ,2023
Морозов Егор Максимович,FRESH-2026-000572,Информационная безопасность,Магистр,ФКН,2024
Волков Егор Максимович,FRESH-2026-000573,Прикладная информатика,Специалист,ФИТ,2025
Алексеев Егор Максимович,FRESH-2026-000574,Бизнес-информатика,Бакалавр,ФЭУ,2026
Лебедев Егор Максимович,FRESH-2026-000575,Системный анализ и управление,Магистр,ЮФ,2020
Семенов Егор Максимович,FRESH-2026-000576,Искусственный интеллект,Специалист,ФМО,2021
Егоров Егор Максимович,FRESH-2026-000577,Экономика,Бакалавр,ФПМИ,2022
Павлов Егор Максимович,FRESH-2026-000578,Юриспруденция,Магистр,ФИБ,2023
Козлов Егор Максимович,FRESH-2026-000579,Менеджмент,Специалист,ФСН,2024
Степанов Егор Максимович,FRESH-2026-000580,Лингвистика,Бакалавр,ФЭ,2025
Иванов Матвей Максимович,FRESH-2026-000581,Программная инженерия,Магистр,ИВТ,2026
Петров Матвей Максимович,FRESH-2026-000582,Информационная безопасность,Специалист,ФКН,2020
Сидоров Матвей Максимович,FRESH-2026-000583,Прикладная информатика,Бакалавр,ФИТ,2021
Смирнов Матвей Максимович,FRESH-2026-000584,Бизнес-информатика,Магистр,ФЭУ,2022
Кузнецов Матвей Максимович,FRESH-2026-000585,Системный анализ и управление,Специалист,ЮФ,2023
Попов Матвей Максимович,FRESH-2026-000586,Искусственный интеллект,Бакалавр,ФМО,2024
Васильев Матвей Максимович,FRESH-2026-000587,Экономика,Магистр,ФПМИ,2025
Соколов Матвей Максимович,FRESH-2026-000588,Юриспруденция,Специалист,ФИБ,2026
Михайлов Матвей Максимович,FRESH-2026-000589,Менеджмент,Бакалавр,ФСН,2020
Новиков Матвей Максимович,FRESH-2026-000590,Лингвистика,Магистр,ФЭ,2021
Федоров Матвей Максимович,FRESH-2026-000591,Программная инженерия,Специалист,ИВТ,2022
Морозов Матвей Максимович,FRESH-2026-000592,Информационная безопасность,Бакалавр,ФКН,2023
Волков Матвей Максимович,FRESH-2026-000593,Прикладная информатика,Магистр,ФИТ,2024
Алексеев Матвей Максимович,FRESH-2026-000594,Бизнес-информатика,Специалист,ФЭУ,2025
Лебедев Матвей Максимович,FRESH-2026-000595,Системный анализ и управление,Бакалавр,ЮФ,2026
Семенов Матвей Максимович,FRESH-2026-000596,Искусственный интеллект,Магистр,ФМО,2020
Егоров Матвей Максимович,FRESH-2026-000597,Экономика,Специалист,ФПМИ,2021
Павлов Матвей Максимович,FRESH-2026-000598,Юриспруденция,Бакалавр,ФИБ,2022
Козлов Матвей Максимович,FRESH-2026-000599,Менеджмент,Магистр,ФСН,2023
Степанов Матвей Максимович,FRESH-2026-000600,Лингвистика,Специалист,ФЭ,2024
Иванов Илья Максимович,FRESH-2026-000601,Программная инженерия,Бакалавр,ИВТ,2025
Петров Илья Максимович,FRESH-2026-000602,Информационная безопасность,Магистр,ФКН,2026
Сидоров Илья Максимович,FRESH-2026-000603,Прикладная информатика,Специалист,ФИТ,2020
Смирнов Илья Максимович,FRESH-2026-000604,Бизнес-информатика,Бакалавр,ФЭУ,2021
Кузнецов Илья Максимович,FRESH-2026-000605,Системный анализ и управление,Магистр,ЮФ,2022
Попов Илья Максимович,FRESH-2026-000606,Искусственный интеллект,Специалист,ФМО,2023
Васильев Илья Максимович,FRESH-2026-000607,Экономика,Бакалавр,ФПМИ,2024
Соколов Илья Максимович,FRESH-2026-000608,Юриспруденция,Магистр,ФИБ,2025
Михайлов Илья Максимович,FRESH-2026-000609,Менеджмент,Специалист,ФСН,2026
Новиков Илья Максимович,FRESH-2026-000610,Лингвистика,Бакалавр,ФЭ,2020
Федоров Илья Максимович,FRESH-2026-000611,Программная инженерия,Магистр,ИВТ,2021
Морозов Илья Максимович,FRESH-2026-000612,Информационная безопасность,Специалист,ФКН,2022
Волков Илья Максимович,FRESH-2026-000613,Прикладная информатика,Бакалавр,ФИТ,2023
Алексеев Илья Максимович,FRESH-2026-000614,Бизнес-информатика,Магистр,ФЭУ,2024
Лебедев Илья Максимович,FRESH-2026-000615,Системный анализ и управление,Специалист,ЮФ,2025
Семенов Илья Максимович,FRESH-2026-000616,Искусственный интеллект,Бакалавр,ФМО,2026
Егоров Илья Максимович,FRESH-2026-000617,Экономика,Магистр,ФПМИ,2020
Павлов Илья Максимович,FRESH-2026-000618,Юриспруденция,Специалист,ФИБ,2021
Козлов Илья Максимович,FRESH-2026-000619,Менеджмент,Бакалавр,ФСН,2022
Степанов Илья Максимович,FRESH-2026-000620,Лингвистика,Магистр,ФЭ,2023
Иванов Андрей Максимович,FRESH-2026-000621,Программная инженерия,Специалист,ИВТ,2024
Петров Андрей Максимович,FRESH-2026-000622,Информационная безопасность,Бакалавр,ФКН,2025
Сидоров Андрей Максимович,FRESH-2026-000623,Прикладная информатика,Магистр,ФИТ,2026
Смирнов Андрей Максимович,FRESH-2026-000624,Бизнес-информатика,Специалист,ФЭУ,2020
Кузнецов Андрей Максимович,FRESH-2026-000625,Системный анализ и управление,Бакалавр,ЮФ,2021
Попов Андрей Максимович,FRESH-2026-000626,Искусственный интеллект,Магистр,ФМО,2022
Васильев Андрей Максимович,FRESH-2026-000627,Экономика,Специалист,ФПМИ,2023
Соколов Андрей Максимович,FRESH-2026-000628,Юриспруденция,Бакалавр,ФИБ,2024
Михайлов Андрей Максимович,FRESH-2026-000629,Менеджмент,Магистр,ФСН,2025
Новиков Андрей Максимович,FRESH-2026-000630,Лингвистика,Специалист,ФЭ,2026
Федоров Андрей Максимович,FRESH-2026-000631,Программная инженерия,Бакалавр,ИВТ,2020
Морозов Андрей Максимович,FRESH-2026-000632,Информационная безопасность,Магистр,ФКН,2021
Волков Андрей Максимович,FRESH-2026-000633,Прикладная информатика,Специалист,ФИТ,2022
Алексеев Андрей Максимович,FRESH-2026-000634,Бизнес-информатика,Бакалавр,ФЭУ,2023
Лебедев Андрей Максимович,FRESH-2026-000635,Системный анализ и управление,Магистр,ЮФ,2024
Семенов Андрей Максимович,FRESH-2026-000636,Искусственный интеллект,Специалист,ФМО,2025
Егоров Андрей Максимович,FRESH-2026-000637,Экономика,Бакалавр,ФПМИ,2026
Павлов Андрей Максимович,FRESH-2026-000638,Юриспруденция,Магистр,ФИБ,2020
Козлов Андрей Максимович,FRESH-2026-000639,Менеджмент,Специалист,ФСН,2021
Степанов Андрей Максимович,FRESH-2026-000640,Лингвистика,Бакалавр,ФЭ,2022
Иванов Роман Максимович,FRESH-2026-000641,Программная инженерия,Магистр,ИВТ,2023
Петров Роман Максимович,FRESH-2026-000642,Информационная безопасность,Специалист,ФКН,2024
Сидоров Роман Максимович,FRESH-2026-000643,Прикладная информатика,Бакалавр,ФИТ,2025
Смирнов Роман Максимович,FRESH-2026-000644,Бизнес-информатика,Магистр,ФЭУ,2026
Кузнецов Роман Максимович,FRESH-2026-000645,Системный анализ и управление,Специалист,ЮФ,2020
Попов Роман Максимович,FRESH-2026-000646,Искусственный интеллект,Бакалавр,ФМО,2021
Васильев Роман Максимович,FRESH-2026-000647,Экономика,Магистр,ФПМИ,2022
Соколов Роман Максимович,FRESH-2026-000648,Юриспруденция,Специалист,ФИБ,2023
Михайлов Роман Максимович,FRESH-2026-000649,Менеджмент,Бакалавр,ФСН,2024
Новиков Роман Максимович,FRESH-2026-000650,Лингвистика,Магистр,ФЭ,2025
Федоров Роман Максимович,FRESH-2026-000651,Программная инженерия,Специалист,ИВТ,2026
Морозов Роман Максимович,FRESH-2026-000652,Информационная безопасность,Бакалавр,ФКН,2020
Волков Роман Максимович,FRESH-2026-000653,Прикладная информатика,Магистр,ФИТ,2021
Алексеев Роман Максимович,FRESH-2026-000654,Бизнес-информатика,Специалист,ФЭУ,2022
Лебедев Роман Максимович,FRESH-2026-000655,Системный анализ и управление,Бакалавр,ЮФ,2023
Семенов Роман Максимович,FRESH-2026-000656,Искусственный интеллект,Магистр,ФМО,2024
Егоров Роман Максимович,FRESH-2026-000657,Экономика,Специалист,ФПМИ,2025
Павлов Роман Максимович,FRESH-2026-000658,Юриспруденция,Бакалавр,ФИБ,2026
Козлов Роман Максимович,FRESH-2026-000659,Менеджмент,Магистр,ФСН,2020
Степанов Роман Максимович,FRESH-2026-000660,Лингвистика,Специалист,ФЭ,2021
Иванов Владимир Максимович,FRESH-2026-000661,Программная инженерия,Бакалавр,ИВТ,2022
Петров Владимир Максимович,FRESH-2026-000662,Информационная безопасность,Магистр,ФКН,2023
Сидоров Владимир Максимович,FRESH-2026-000663,Прикладная информатика,Специалист,ФИТ,2024
Смирнов Владимир Максимович,FRESH-2026-000664,Бизнес-информатика,Бакалавр,ФЭУ,2025
Кузнецов Владимир Максимович,FRESH-2026-000665,Системный анализ и управление,Магистр,ЮФ,2026
Попов Владимир Максимович,FRESH-2026-000666,Искусственный интеллект,Специалист,ФМО,2020
Васильев Владимир Максимович,FRESH-2026-000667,Экономика,Бакалавр,ФПМИ,2021
Соколов Владимир Максимович,FRESH-2026-000668,Юриспруденция,Магистр,ФИБ,2022
Михайлов Владимир Максимович,FRESH-2026-000669,Менеджмент,Специалист,ФСН,2023
Новиков Владимир Максимович,FRESH-2026-000670,Лингвистика,Бакалавр,ФЭ,2024
Федоров Владимир Максимович,FRESH-2026-000671,Программная инженерия,Магистр,ИВТ,2025
Морозов Владимир Максимович,FRESH-2026-000672,Информационная безопасность,Специалист,ФКН,2026
Волков Владимир Максимович,FRESH-2026-000673,Прикладная информатика,Бакалавр,ФИТ,2020
Алексеев Владимир Максимович,FRESH-2026-000674,Бизнес-информатика,Магистр,ФЭУ,2021
Лебедев Владимир Максимович,FRESH-2026-000675,Системный анализ и управление,Специалист,ЮФ,2022
Семенов Владимир Максимович,FRESH-2026-000676,Искусственный интеллект,Бакалавр,ФМО,2023
Егоров Владимир Максимович,FRESH-2026-000677,Экономика,Магистр,ФПМИ,2024
Павлов Владимир Максимович,FRESH-2026-000678,Юриспруденция,Специалист,ФИБ,2025
Козлов Владимир Максимович,FRESH-2026-000679,Менеджмент,Бакалавр,ФСН,2026
Степанов Владимир Максимович,FRESH-2026-000680,Лингвистика,Магистр,ФЭ,2020
Иванов Тимур Максимович,FRESH-2026-000681,Программная инженерия,Специалист,ИВТ,2021
Петров Тимур Максимович,FRESH-2026-000682,Информационная безопасность,Бакалавр,ФКН,2022
Сидоров Тимур Максимович,FRESH-2026-000683,Прикладная информатика,Магистр,ФИТ,2023
Смирнов Тимур Максимович,FRESH-2026-000684,Бизнес-информатика,Специалист,ФЭУ,2024
Кузнецов Тимур Максимович,FRESH-2026-000685,Системный анализ и управление,Бакалавр,ЮФ,2025
Попов Тимур Максимович,FRESH-2026-000686,Искусственный интеллект,Магистр,ФМО,2026
Васильев Тимур Максимович,FRESH-2026-000687,Экономика,Специалист,ФПМИ,2020
Соколов Тимур Максимович,FRESH-2026-000688,Юриспруденция,Бакалавр,ФИБ,2021
Михайлов Тимур Максимович,FRESH-2026-000689,Менеджмент,Магистр,ФСН,2022
Новиков Тимур Максимович,FRESH-2026-000690,Лингвистика,Специалист,ФЭ,2023
Федоров Тимур Максимович,FRESH-2026-000691,Программная инженерия,Бакалавр,ИВТ,2024
Морозов Тимур Максимович,FRESH-2026-000692,Информационная безопасность,Магистр,ФКН,2025
Волков Тимур Максимович,FRESH-2026-000693,Прикладная информатика,Специалист,ФИТ,2026
Алексеев Тимур Максимович,FRESH-2026-000694,Бизнес-информатика,Бакалавр,ФЭУ,2020
Лебедев Тимур Максимович,FRESH-2026-000695,Системный анализ и управление,Магистр,ЮФ,2021
Семенов Тимур Максимович,FRESH-2026-000696,Искусственный интеллект,Специалист,ФМО,2022
Егоров Тимур Максимович,FRESH-2026-000697,Экономика,Бакалавр,ФПМИ,2023
Павлов Тимур Максимович,FRESH-2026-000698,Юриспруденция,Магистр,ФИБ,2024
Козлов Тимур Максимович,FRESH-2026-000699,Менеджмент,Специалист,ФСН,2025
Степанов Тимур Максимович,FRESH-2026-000700,Лингвистика,Бакалавр,ФЭ,2026
Иванов Даниил Максимович,FRESH-2026-000701,Программная инженерия,Магистр,ИВТ,2020
Петров Даниил Максимович,FRESH-2026-000702,Информационная безопасность,Специалист,ФКН,2021
Сидоров Даниил Максимович,FRESH-2026-000703,Прикладная информатика,Бакалавр,ФИТ,2022
Смирнов Даниил Максимович,FRESH-2026-000704,Бизнес-информатика,Магистр,ФЭУ,2023
Кузнецов Даниил Максимович,FRESH-2026-000705,Системный анализ и управление,Специалист,ЮФ,2024
Попов Даниил Максимович,FRESH-2026-000706,Искусственный интеллект,Бакалавр,ФМО,2025
Васильев Даниил Максимович,FRESH-2026-000707,Экономика,Магистр,ФПМИ,2026
Соколов Даниил Максимович,FRESH-2026-000708,Юриспруденция,Специалист,ФИБ,2020
Михайлов Даниил Максимович,FRESH-2026-000709,Менеджмент,Бакалавр,ФСН,2021
Новиков Даниил Максимович,FRESH-2026-000710,Лингвистика,Магистр,ФЭ,2022
Федоров Даниил Максимович,FRESH-2026-000711,Программная инженерия,Специалист,ИВТ,2023
Морозов Даниил Максимович,FRESH-2026-000712,Информационная безопасность,Бакалавр,ФКН,2024
Волков Даниил Максимович,FRESH-2026-000713,Прикладная информатика,Магистр,ФИТ,2025
Алексеев Даниил Максимович,FRESH-2026-000714,Бизнес-информатика,Специалист,ФЭУ,2026
Лебедев Даниил Максимович,FRESH-2026-000715,Системный анализ и управление,Бакалавр,ЮФ,2020
Семенов Даниил Максимович,FRESH-2026-000716,Искусственный интеллект,Магистр,ФМО,2021
Егоров Даниил Максимович,FRESH-2026-000717,Экономика,Специалист,ФПМИ,2022
Павлов Даниил Максимович,FRESH-2026-000718,Юриспруденция,Бакалавр,ФИБ,2023
Козлов Даниил Максимович,FRESH-2026-000719,Менеджмент,Магистр,ФСН,2024
Степанов Даниил Максимович,FRESH-2026-000720,Лингвистика,Специалист,ФЭ,2025
Иванов Павел Максимович,FRESH-2026-000721,Программная инженерия,Бакалавр,ИВТ,2026
Петров Павел Максимович,FRESH-2026-000722,Информационная безопасность,Магистр,ФКН,2020
Сидоров Павел Максимович,FRESH-2026-000723,Прикладная информатика,Специалист,ФИТ,2021
Смирнов Павел Максимович,FRESH-2026-000724,Бизнес-информатика,Бакалавр,ФЭУ,2022
Кузнецов Павел Максимович,FRESH-2026-000725,Системный анализ и управление,Магистр,ЮФ,2023
Попов Павел Максимович,FRESH-2026-000726,Искусственный интеллект,Специалист,ФМО,2024
Васильев Павел Максимович,FRESH-2026-000727,Экономика,Бакалавр,ФПМИ,2025
Соколов Павел Максимович,FRESH-2026-000728,Юриспруденция,Магистр,ФИБ,2026
Михайлов Павел Максимович,FRESH-2026-000729,Менеджмент,Специалист,ФСН,2020
Новиков Павел Максимович,FRESH-2026-000730,Лингвистика,Бакалавр,ФЭ,2021
Федоров Павел Максимович,FRESH-2026-000731,Программная инженерия,Магистр,ИВТ,2022
Морозов Павел Максимович,FRESH-2026-000732,Информационная безопасность,Специалист,ФКН,2023
Волков Павел Максимович,FRESH-2026-000733,Прикладная информатика,Бакалавр,ФИТ,2024
Алексеев Павел Максимович,FRESH-2026-000734,Бизнес-информатика,Магистр,ФЭУ,2025
Лебедев Павел Максимович,FRESH-2026-000735,Системный анализ и управление,Специалист,ЮФ,2026
Семенов Павел Максимович,FRESH-2026-000736,Искусственный интеллект,Бакалавр,ФМО,2020
Егоров Павел Максимович,FRESH-2026-000737,Экономика,Магистр,ФПМИ,2021
Павлов Павел Максимович,FRESH-2026-000738,Юриспруденция,Специалист,ФИБ,2022
Козлов Павел Максимович,FRESH-2026-000739,Менеджмент,Бакалавр,ФСН,2023
Степанов Павел Максимович,FRESH-2026-000740,Лингвистика,Магистр,ФЭ,2024
Иванов Арсений Максимович,FRESH-2026-000741,Программная инженерия,Специалист,ИВТ,2025
Петров Арсений Максимович,FRESH-2026-000742,Информационная безопасность,Бакалавр,ФКН,2026
Сидоров Арсений Максимович,FRESH-2026-000743,Прикладная информатика,Магистр,ФИТ,2020
Смирнов Арсений Максимович,FRESH-2026-000744,Бизнес-информатика,Специалист,ФЭУ,2021
Кузнецов Арсений Максимович,FRESH-2026-000745,Системный анализ и управление,Бакалавр,ЮФ,2022
Попов Арсений Максимович,FRESH-2026-000746,Искусственный интеллект,Магистр,ФМО,2023
Васильев Арсений Максимович,FRESH-2026-000747,Экономика,Специалист,ФПМИ,2024
Соколов Арсений Максимович,FRESH-2026-000748,Юриспруденция,Бакалавр,ФИБ,2025
Михайлов Арсений Максимович,FRESH-2026-000749,Менеджмент,Магистр,ФСН,2026
Новиков Арсений Максимович,FRESH-2026-000750,Лингвистика,Специалист,ФЭ,2020
Федоров Арсений Максимович,FRESH-2026-000751,Программная инженерия,Бакалавр,ИВТ,2021
Морозов Арсений Максимович,FRESH-2026-000752,Информационная безопасность,Магистр,ФКН,2022
Волков Арсений Максимович,FRESH-2026-000753,Прикладная информатика,Специалист,ФИТ,2023
Алексеев Арсений Максимович,FRESH-2026-000754,Бизнес-информатика,Бакалавр,ФЭУ,2024
Лебедев Арсений Максимович,FRESH-2026-000755,Системный анализ и управление,Магистр,ЮФ,2025
Семенов Арсений Максимович,FRESH-2026-000756,Искусственный интеллект,Специалист,ФМО,2026
Егоров Арсений Максимович,FRESH-2026-000757,Экономика,Бакалавр,ФПМИ,2020
Павлов Арсений Максимович,FRESH-2026-000758,Юриспруденция,Магистр,ФИБ,2021
Козлов Арсений Максимович,FRESH-2026-000759,Менеджмент,Специалист,ФСН,2022
Степанов Арсений Максимович,FRESH-2026-000760,Лингвистика,Бакалавр,ФЭ,2023
Иванов Глеб Максимович,FRESH-2026-000761,Программная инженерия,Магистр,ИВТ,2024
Петров Глеб Максимович,FRESH-2026-000762,Информационная безопасность,Специалист,ФКН,2025
Сидоров Глеб Максимович,FRESH-2026-000763,Прикладная информатика,Бакалавр,ФИТ,2026
Смирнов Глеб Максимович,FRESH-2026-000764,Бизнес-информатика,Магистр,ФЭУ,2020
Кузнецов Глеб Максимович,FRESH-2026-000765,Системный анализ и управление,Специалист,ЮФ,2021
Попов Глеб Максимович,FRESH-2026-000766,Искусственный интеллект,Бакалавр,ФМО,2022
Васильев Глеб Максимович,FRESH-2026-000767,Экономика,Магистр,ФПМИ,2023
Соколов Глеб Максимович,FRESH-2026-000768,Юриспруденция,Специалист,ФИБ,2024
Михайлов Глеб Максимович,FRESH-2026-000769,Менеджмент,Бакалавр,ФСН,2025
Новиков Глеб Максимович,FRESH-2026-000770,Лингвистика,Магистр,ФЭ,2026
Федоров Глеб Максимович,FRESH-2026-000771,Программная инженерия,Специалист,ИВТ,2020
Морозов Глеб Максимович,FRESH-2026-000772,Информационная безопасность,Бакалавр,ФКН,2021
Волков Глеб Максимович,FRESH-2026-000773,Прикладная информатика,Магистр,ФИТ,2022
Алексеев Глеб Максимович,FRESH-2026-000774,Бизнес-информатика,Специалист,ФЭУ,2023
Лебедев Глеб Максимович,FRESH-2026-000775,Системный анализ и управление,Бакалавр,ЮФ,2024
Семенов Глеб Максимович,FRESH-2026-000776,Искусственный интеллект,Магистр,ФМО,2025
Егоров Глеб Максимович,FRESH-2026-000777,Экономика,Специалист,ФПМИ,2026
Павлов Глеб Максимович,FRESH-2026-000778,Юриспруденция,Бакалавр,ФИБ,2020
Козлов Глеб Максимович,FRESH-2026-000779,Менеджмент,Магистр,ФСН,2021
Степанов Глеб Максимович,FRESH-2026-000780,Лингвистика,Специалист,ФЭ,2022
Иванов Константин Максимович,FRESH-2026-000781,Программная инженерия,Бакалавр,ИВТ,2023
Петров Константин Максимович,FRESH-2026-000782,Информационная безопасность,Магистр,ФКН,2024
Сидоров Константин Максимович,FRESH-2026-000783,Прикладная информатика,Специалист,ФИТ,2025
Смирнов Константин Максимович,FRESH-2026-000784,Бизнес-информатика,Бакалавр,ФЭУ,2026
Кузнецов Константин Максимович,FRESH-2026-000785,Системный анализ и управление,Магистр,ЮФ,2020
Попов Константин Максимович,FRESH-2026-000786,Искусственный интеллект,Специалист,ФМО,2021
Васильев Константин Максимович,FRESH-2026-000787,Экономика,Бакалавр,ФПМИ,2022
Соколов Константин Максимович,FRESH-2026-000788,Юриспруденция,Магистр,ФИБ,2023
Михайлов Константин Максимович,FRESH-2026-000789,Менеджмент,Специалист,ФСН,2024
Новиков Константин Максимович,FRESH-2026-000790,Лингвистика,Бакалавр,ФЭ,2025
Федоров Константин Максимович,FRESH-2026-000791,Программная инженерия,Магистр,ИВТ,2026
Морозов Константин Максимович,FRESH-2026-000792,Информационная безопасность,Специалист,ФКН,2020
Волков Константин Максимович,FRESH-2026-000793,Прикладная информатика,Бакалавр,ФИТ,2021
Алексеев Константин Максимович,FRESH-2026-000794,Бизнес-информатика,Магистр,ФЭУ,2022
Лебедев Константин Максимович,FRESH-2026-000795,Системный анализ и управление,Специалист,ЮФ,2023
Семенов Константин Максимович,FRESH-2026-000796,Искусственный интеллект,Бакалавр,ФМО,2024
Егоров Константин Максимович,FRESH-2026-000797,Экономика,Магистр,ФПМИ,2025
Павлов Константин Максимович,FRESH-2026-000798,Юриспруденция,Специалист,ФИБ,2026
Козлов Константин Максимович,FRESH-2026-000799,Менеджмент,Бакалавр,ФСН,2020
Степанов Константин Максимович,FRESH-2026-000800,Лингвистика,Магистр,ФЭ,2021
Иванов Александр Иванович,FRESH-2026-000801,Программная инженерия,Специалист,ИВТ,2022
Петров Александр Иванович,FRESH-2026-000802,Информационная безопасность,Бакалавр,ФКН,2023
Сидоров Александр Иванович,FRESH-2026-000803,Прикладная информатика,Магистр,ФИТ,2024
Смирнов Александр Иванович,FRESH-2026-000804,Бизнес-информатика,Специалист,ФЭУ,2025
Кузнецов Александр Иванович,FRESH-2026-000805,Системный анализ и управление,Бакалавр,ЮФ,2026
Попов Александр Иванович,FRESH-2026-000806,Искусственный интеллект,Магистр,ФМО,2020
Васильев Александр Иванович,FRESH-2026-000807,Экономика,Специалист,ФПМИ,2021
Соколов Александр Иванович,FRESH-2026-000808,Юриспруденция,Бакалавр,ФИБ,2022
Михайлов Александр Иванович,FRESH-2026-000809,Менеджмент,Магистр,ФСН,2023
Новиков Александр Иванович,FRESH-2026-000810,Лингвистика,Специалист,ФЭ,2024
Федоров Александр Иванович,FRESH-2026-000811,Программная инженерия,Бакалавр,ИВТ,2025
Морозов Александр Иванович,FRESH-2026-000812,Информационная безопасность,Магистр,ФКН,2026
Волков Александр Иванович,FRESH-2026-000813,Прикладная информатика,Специалист,ФИТ,2020
Алексеев Александр Иванович,FRESH-2026-000814,Бизнес-информатика,Бакалавр,ФЭУ,2021
Лебедев Александр Иванович,FRESH-2026-000815,Системный анализ и управление,Магистр,ЮФ,2022
Семенов Александр Иванович,FRESH-2026-000816,Искусственный интеллект,Специалист,ФМО,2023
Егоров Александр Иванович,FRESH-2026-000817,Экономика,Бакалавр,ФПМИ,2024
Павлов Александр Иванович,FRESH-2026-000818,Юриспруденция,Магистр,ФИБ,2025
Козлов Александр Иванович,FRESH-2026-000819,Менеджмент,Специалист,ФСН,2026
Степанов Александр Иванович,FRESH-2026-000820,Лингвистика,Бакалавр,ФЭ,2020
Иванов Максим Иванович,FRESH-2026-000821,Программная инженерия,Магистр,ИВТ,2021
Петров Максим Иванович,FRESH-2026-000822,Информационная безопасность,Специалист,ФКН,2022
Сидоров Максим Иванович,FRESH-2026-000823,Прикладная информатика,Бакалавр,ФИТ,2023
Смирнов Максим Иванович,FRESH-2026-000824,Бизнес-информатика,Магистр,ФЭУ,2024
Кузнецов Максим Иванович,FRESH-2026-000825,Системный анализ и управление,Специалист,ЮФ,2025
Попов Максим Иванович,FRESH-2026-000826,Искусственный интеллект,Бакалавр,ФМО,2026
Васильев Максим Иванович,FRESH-2026-000827,Экономика,Магистр,ФПМИ,2020
Соколов Максим Иванович,FRESH-2026-000828,Юриспруденция,Специалист,ФИБ,2021
Михайлов Максим Иванович,FRESH-2026-000829,Менеджмент,Бакалавр,ФСН,2022
Новиков Максим Иванович,FRESH-2026-000830,Лингвистика,Магистр,ФЭ,2023
Федоров Максим Иванович,FRESH-2026-000831,Программная инженерия,Специалист,ИВТ,2024
Морозов Максим Иванович,FRESH-2026-000832,Информационная безопасность,Бакалавр,ФКН,2025
Волков Максим Иванович,FRESH-2026-000833,Прикладная информатика,Магистр,ФИТ,2026
Алексеев Максим Иванович,FRESH-2026-000834,Бизнес-информатика,Специалист,ФЭУ,2020
Лебедев Максим Иванович,FRESH-2026-000835,Системный анализ и управление,Бакалавр,ЮФ,2021
Семенов Максим Иванович,FRESH-2026-000836,Искусственный интеллект,Магистр,ФМО,2022
Егоров Максим Иванович,FRESH-2026-000837,Экономика,Специалист,ФПМИ,2023
Павлов Максим Иванович,FRESH-2026-000838,Юриспруденция,Бакалавр,ФИБ,2024
Козлов Максим Иванович,FRESH-2026-000839,Менеджмент,Магистр,ФСН,2025
Степанов Максим Иванович,FRESH-2026-000840,Лингвистика,Специалист,ФЭ,2026
Иванов Иван Иванович,FRESH-2026-000841,Программная инженерия,Бакалавр,ИВТ,2020
Петров Иван Иванович,FRESH-2026-000842,Информационная безопасность,Магистр,ФКН,2021
Сидоров Иван Иванович,FRESH-2026-000843,Прикладная информатика,Специалист,ФИТ,2022
Смирнов Иван Иванович,FRESH-2026-000844,Бизнес-информатика,Бакалавр,ФЭУ,2023
Кузнецов Иван Иванович,FRESH-2026-000845,Системный анализ и управление,Магистр,ЮФ,2024
Попов Иван Иванович,FRESH-2026-000846,Искусственный интеллект,Специалист,ФМО,2025
Васильев Иван Иванович,FRESH-2026-000847,Экономика,Бакалавр,ФПМИ,2026
Соколов Иван Иванович,FRESH-2026-000848,Юриспруденция,Магистр,ФИБ,2020
Михайлов Иван Иванович,FRESH-2026-000849,Менеджмент,Специалист,ФСН,2021
Новиков Иван Иванович,FRESH-2026-000850,Лингвистика,Бакалавр,ФЭ,2022
Федоров Иван Иванович,FRESH-2026-000851,Программная инженерия,Магистр,ИВТ,2023
Морозов Иван Иванович,FRESH-2026-000852,Информационная безопасность,Специалист,ФКН,2024
Волков Иван Иванович,FRESH-2026-000853,Прикладная информатика,Бакалавр,ФИТ,2025
Алексеев Иван Иванович,FRESH-2026-000854,Бизнес-информатика,Магистр,ФЭУ,2026
Лебедев Иван Иванович,FRESH-2026-000855,Системный анализ и управление,Специалист,ЮФ,2020
Семенов Иван Иванович,FRESH-2026-000856,Искусственный интеллект,Бакалавр,ФМО,2021
Егоров Иван Иванович,FRESH-2026-000857,Экономика,Магистр,ФПМИ,2022
Павлов Иван Иванович,FRESH-2026-000858,Юриспруденция,Специалист,ФИБ,2023
Козлов Иван Иванович,FRESH-2026-000859,Менеджмент,Бакалавр,ФСН,2024
Степанов Иван Иванович,FRESH-2026-000860,Лингвистика,Магистр,ФЭ,2025
Иванов Дмитрий Иванович,FRESH-2026-000861,Программная инженерия,Специалист,ИВТ,2026
Петров Дмитрий Иванович,FRESH-2026-000862,Информационная безопасность,Бакалавр,ФКН,2020
Сидоров Дмитрий Иванович,FRESH-2026-000863,Прикладная информатика,Магистр,ФИТ,2021
Смирнов Дмитрий Иванович,FRESH-2026-000864,Бизнес-информатика,Специалист,ФЭУ,2022
Кузнецов Дмитрий Иванович,FRESH-2026-000865,Системный анализ и управление,Бакалавр,ЮФ,2023
Попов Дмитрий Иванович,FRESH-2026-000866,Искусственный интеллект,Магистр,ФМО,2024
Васильев Дмитрий Иванович,FRESH-2026-000867,Экономика,Специалист,ФПМИ,2025
Соколов Дмитрий Иванович,FRESH-2026-000868,Юриспруденция,Бакалавр,ФИБ,2026
Михайлов Дмитрий Иванович,FRESH-2026-000869,Менеджмент,Магистр,ФСН,2020
Новиков Дмитрий Иванович,FRESH-2026-000870,Лингвистика,Специалист,ФЭ,2021
Федоров Дмитрий Иванович,FRESH-2026-000871,Программная инженерия,Бакалавр,ИВТ,2022
Морозов Дмитрий Иванович,FRESH-2026-000872,Информационная безопасность,Магистр,ФКН,2023
Волков Дмитрий Иванович,FRESH-2026-000873,Прикладная информатика,Специалист,ФИТ,2024
Алексеев Дмитрий Иванович,FRESH-2026-000874,Бизнес-информатика,Бакалавр,ФЭУ,2025
Лебедев Дмитрий Иванович,FRESH-2026-000875,Системный анализ и управление,Магистр,ЮФ,2026
Семенов Дмитрий Иванович,FRESH-2026-000876,Искусственный интеллект,Специалист,ФМО,2020
Егоров Дмитрий Иванович,FRESH-2026-000877,Экономика,Бакалавр,ФПМИ,2021
Павлов Дмитрий Иванович,FRESH-2026-000878,Юриспруденция,Магистр,ФИБ,2022
Козлов Дмитрий Иванович,FRESH-2026-000879,Менеджмент,Специалист,ФСН,2023
Степанов Дмитрий Иванович,FRESH-2026-000880,Лингвистика,Бакалавр,ФЭ,2024
Иванов Артем Иванович,FRESH-2026-000881,Программная инженерия,Магистр,ИВТ,2025
Петров Артем Иванович,FRESH-2026-000882,Информационная безопасность,Специалист,ФКН,2026
Сидоров Артем Иванович,FRESH-2026-000883,Прикладная информатика,Бакалавр,ФИТ,2020
Смирнов Артем Иванович,FRESH-2026-000884,Бизнес-информатика,Магистр,ФЭУ,2021
Кузнецов Артем Иванович,FRESH-2026-000885,Системный анализ и управление,Специалист,ЮФ,2022
Попов Артем Иванович,FRESH-2026-000886,Искусственный интеллект,Бакалавр,ФМО,2023
Васильев Артем Иванович,FRESH-2026-000887,Экономика,Магистр,ФПМИ,2024
Соколов Артем Иванович,FRESH-2026-000888,Юриспруденция,Специалист,ФИБ,2025
Михайлов Артем Иванович,FRESH-2026-000889,Менеджмент,Бакалавр,ФСН,2026
Новиков Артем Иванович,FRESH-2026-000890,Лингвистика,Магистр,ФЭ,2020
Федоров Артем Иванович,FRESH-2026-000891,Программная инженерия,Специалист,ИВТ,2021
Морозов Артем Иванович,FRESH-2026-000892,Информационная безопасность,Бакалавр,ФКН,2022
Волков Артем Иванович,FRESH-2026-000893,Прикладная информатика,Магистр,ФИТ,2023
Алексеев Артем Иванович,FRESH-2026-000894,Бизнес-информатика,Специалист,ФЭУ,2024
Лебедев Артем Иванович,FRESH-2026-000895,Системный анализ и управление,Бакалавр,ЮФ,2025
Семенов Артем Иванович,FRESH-2026-000896,Искусственный интеллект,Магистр,ФМО,2026
Егоров Артем Иванович,FRESH-2026-000897,Экономика,Специалист,ФПМИ,2020
Павлов Артем Иванович,FRESH-2026-000898,Юриспруденция,Бакалавр,ФИБ,2021
Козлов Артем Иванович,FRESH-2026-000899,Менеджмент,Магистр,ФСН,2022
Степанов Артем Иванович,FRESH-2026-000900,Лингвистика,Специалист,ФЭ,2023
Иванов Кирилл Иванович,FRESH-2026-000901,Программная инженерия,Бакалавр,ИВТ,2024
Петров Кирилл Иванович,FRESH-2026-000902,Информационная безопасность,Магистр,ФКН,2025
Сидоров Кирилл Иванович,FRESH-2026-000903,Прикладная информатика,Специалист,ФИТ,2026
Смирнов Кирилл Иванович,FRESH-2026-000904,Бизнес-информатика,Бакалавр,ФЭУ,2020
Кузнецов Кирилл Иванович,FRESH-2026-000905,Системный анализ и управление,Магистр,ЮФ,2021
Попов Кирилл Иванович,FRESH-2026-000906,Искусственный интеллект,Специалист,ФМО,2022
Васильев Кирилл Иванович,FRESH-2026-000907,Экономика,Бакалавр,ФПМИ,2023
Соколов Кирилл Иванович,FRESH-2026-000908,Юриспруденция,Магистр,ФИБ,2024
Михайлов Кирилл Иванович,FRESH-2026-000909,Менеджмент,Специалист,ФСН,2025
Новиков Кирилл Иванович,FRESH-2026-000910,Лингвистика,Бакалавр,ФЭ,2026
Федоров Кирилл Иванович,FRESH-2026-000911,Программная инженерия,Магистр,ИВТ,2020
Морозов Кирилл Иванович,FRESH-2026-000912,Информационная безопасность,Специалист,ФКН,2021
Волков Кирилл Иванович,FRESH-2026-000913,Прикладная информатика,Бакалавр,ФИТ,2022
Алексеев Кирилл Иванович,FRESH-2026-000914,Бизнес-информатика,Магистр,ФЭУ,2023
Лебедев Кирилл Иванович,FRESH-2026-000915,Системный анализ и управление,Специалист,ЮФ,2024
Семенов Кирилл Иванович,FRESH-2026-000916,Искусственный интеллект,Бакалавр,ФМО,2025
Егоров Кирилл Иванович,FRESH-2026-000917,Экономика,Магистр,ФПМИ,2026
Павлов Кирилл Иванович,FRESH-2026-000918,Юриспруденция,Специалист,ФИБ,2020
Козлов Кирилл Иванович,FRESH-2026-000919,Менеджмент,Бакалавр,ФСН,2021
Степанов Кирилл Иванович,FRESH-2026-000920,Лингвистика,Магистр,ФЭ,2022
Иванов Никита Иванович,FRESH-2026-000921,Программная инженерия,Специалист,ИВТ,2023
Петров Никита Иванович,FRESH-2026-000922,Информационная безопасность,Бакалавр,ФКН,2024
Сидоров Никита Иванович,FRESH-2026-000923,Прикладная информатика,Магистр,ФИТ,2025
Смирнов Никита Иванович,FRESH-2026-000924,Бизнес-информатика,Специалист,ФЭУ,2026
Кузнецов Никита Иванович,FRESH-2026-000925,Системный анализ и управление,Бакалавр,ЮФ,2020
Попов Никита Иванович,FRESH-2026-000926,Искусственный интеллект,Магистр,ФМО,2021
Васильев Никита Иванович,FRESH-2026-000927,Экономика,Специалист,ФПМИ,2022
Соколов Никита Иванович,FRESH-2026-000928,Юриспруденция,Бакалавр,ФИБ,2023
Михайлов Никита Иванович,FRESH-2026-000929,Менеджмент,Магистр,ФСН,2024
Новиков Никита Иванович,FRESH-2026-000930,Лингвистика,Специалист,ФЭ,2025
Федоров Никита Иванович,FRESH-2026-000931,Программная инженерия,Бакалавр,ИВТ,2026
Морозов Никита Иванович,FRESH-2026-000932,Информационная безопасность,Магистр,ФКН,2020
Волков Никита Иванович,FRESH-2026-000933,Прикладная информатика,Специалист,ФИТ,2021
Алексеев Никита Иванович,FRESH-2026-000934,Бизнес-информатика,Бакалавр,ФЭУ,2022
Лебедев Никита Иванович,FRESH-2026-000935,Системный анализ и управление,Магистр,ЮФ,2023
Семенов Никита Иванович,FRESH-2026-000936,Искусственный интеллект,Специалист,ФМО,2024
Егоров Никита Иванович,FRESH-2026-000937,Экономика,Бакалавр,ФПМИ,2025
Павлов Никита Иванович,FRESH-2026-000938,Юриспруденция,Магистр,ФИБ,2026
Козлов Никита Иванович,FRESH-2026-000939,Менеджмент,Специалист,ФСН,2020
Степанов Никита Иванович,FRESH-2026-000940,Лингвистика,Бакалавр,ФЭ,2021
Иванов Михаил Иванович,FRESH-2026-000941,Программная инженерия,Магистр,ИВТ,2022
Петров Михаил Иванович,FRESH-2026-000942,Информационная безопасность,Специалист,ФКН,2023
Сидоров Михаил Иванович,FRESH-2026-000943,Прикладная информатика,Бакалавр,ФИТ,2024
Смирнов Михаил Иванович,FRESH-2026-000944,Бизнес-информатика,Магистр,ФЭУ,2025
Кузнецов Михаил Иванович,FRESH-2026-000945,Системный анализ и управление,Специалист,ЮФ,2026
Попов Михаил Иванович,FRESH-2026-000946,Искусственный интеллект,Бакалавр,ФМО,2020
Васильев Михаил Иванович,FRESH-2026-000947,Экономика,Магистр,ФПМИ,2021
Соколов Михаил Иванович,FRESH-2026-000948,Юриспруденция,Специалист,ФИБ,2022
Михайлов Михаил Иванович,FRESH-2026-000949,Менеджмент,Бакалавр,ФСН,2023
Новиков Михаил Иванович,FRESH-2026-000950,Лингвистика,Магистр,ФЭ,2024
Федоров Михаил Иванович,FRESH-2026-000951,Программная инженерия,Специалист,ИВТ,2025
Морозов Михаил Иванович,FRESH-2026-000952,Информационная безопасность,Бакалавр,ФКН,2026
Волков Михаил Иванович,FRESH-2026-000953,Прикладная информатика,Магистр,ФИТ,2020
Алексеев Михаил Иванович,FRESH-2026-000954,Бизнес-информатика,Специалист,ФЭУ,2021
Лебедев Михаил Иванович,FRESH-2026-000955,Системный анализ и управление,Бакалавр,ЮФ,2022
Семенов Михаил Иванович,FRESH-2026-000956,Искусственный интеллект,Магистр,ФМО,2023
Егоров Михаил Иванович,FRESH-2026-000957,Экономика,Специалист,ФПМИ,2024
Павлов Михаил Иванович,FRESH-2026-000958,Юриспруденция,Бакалавр,ФИБ,2025
Козлов Михаил Иванович,FRESH-2026-000959,Менеджмент,Магистр,ФСН,2026
Степанов Михаил Иванович,FRESH-2026-000960,Лингвистика,Специалист,ФЭ,2020
Иванов Егор Иванович,FRESH-2026-000961,Программная инженерия,Бакалавр,ИВТ,2021
Петров Егор Иванович,FRESH-2026-000962,Информационная безопасность,Магистр,ФКН,2022
Сидоров Егор Иванович,FRESH-2026-000963,Прикладная информатика,Специалист,ФИТ,2023
Смирнов Егор Иванович,FRESH-2026-000964,Бизнес-информатика,Бакалавр,ФЭУ,2024
Кузнецов Егор Иванович,FRESH-2026-000965,Системный анализ и управление,Магистр,ЮФ,2025
Попов Егор Иванович,FRESH-2026-000966,Искусственный интеллект,Специалист,ФМО,2026
Васильев Егор Иванович,FRESH-2026-000967,Экономика,Бакалавр,ФПМИ,2020
Соколов Егор Иванович,FRESH-2026-000968,Юриспруденция,Магистр,ФИБ,2021
Михайлов Егор Иванович,FRESH-2026-000969,Менеджмент,Специалист,ФСН,2022
Новиков Егор Иванович,FRESH-2026-000970,Лингвистика,Бакалавр,ФЭ,2023
Федоров Егор Иванович,FRESH-2026-000971,Программная инженерия,Магистр,ИВТ,2024
Морозов Егор Иванович,FRESH-2026-000972,Информационная безопасность,Специалист,ФКН,2025
Волков Егор Иванович,FRESH-2026-000973,Прикладная информатика,Бакалавр,ФИТ,2026
Алексеев Егор Иванович,FRESH-2026-000974,Бизнес-информатика,Магистр,ФЭУ,2020
Лебедев Егор Иванович,FRESH-2026-000975,Системный анализ и управление,Специалист,ЮФ,2021
Семенов Егор Иванович,FRESH-2026-000976,Искусственный интеллект,Бакалавр,ФМО,2022
Егоров Егор Иванович,FRESH-2026-000977,Экономика,Магистр,ФПМИ,2023
Павлов Егор Иванович,FRESH-2026-000978,Юриспруденция,Специалист,ФИБ,2024
Козлов Егор Иванович,FRESH-2026-000979,Менеджмент,Бакалавр,ФСН,2025
Степанов Егор Иванович,FRESH-2026-000980,Лингвистика,Магистр,ФЭ,2026
Иванов Матвей Иванович,FRESH-2026-000981,Программная инженерия,Специалист,ИВТ,2020
Петров Матвей Иванович,FRESH-2026-000982,Информационная безопасность,Бакалавр,ФКН,2021
Сидоров Матвей Иванович,FRESH-2026-000983,Прикладная информатика,Магистр,ФИТ,2022
Смирнов Матвей Иванович,FRESH-2026-000984,Бизнес-информатика,Специалист,ФЭУ,2023
Кузнецов Матвей Иванович,FRESH-2026-000985,Системный анализ и управление,Бакалавр,ЮФ,2024
Попов Матвей Иванович,FRESH-2026-000986,Искусственный интеллект,Магистр,ФМО,2025
Васильев Матвей Иванович,FRESH-2026-000987,Экономика,Специалист,ФПМИ,2026
Соколов Матвей Иванович,FRESH-2026-000988,Юриспруденция,Бакалавр,ФИБ,2020
Михайлов Матвей Иванович,FRESH-2026-000989,Менеджмент,Магистр,ФСН,2021
Новиков Матвей Иванович,FRESH-2026-000990,Лингвистика,Специалист,ФЭ,2022
Федоров Матвей Иванович,FRESH-2026-000991,Программная инженерия,Бакалавр,ИВТ,2023
Морозов Матвей Иванович,FRESH-2026-000992,Информационная безопасность,Магистр,ФКН,2024
Волков Матвей Иванович,FRESH-2026-000993,Прикладная информатика,Специалист,ФИТ,2025
Алексеев Матвей Иванович,FRESH-2026-000994,Бизнес-информатика,Бакалавр,ФЭУ,2026
Лебедев Матвей Иванович,FRESH-2026-000995,Системный анализ и управление,Магистр,ЮФ,2020
Семенов Матвей Иванович,FRESH-2026-000996,Искусственный интеллект,Специалист,ФМО,2021
Егоров Матвей Иванович,FRESH-2026-000997,Экономика,Бакалавр,ФПМИ,2022
Павлов Матвей Иванович,FRESH-2026-000998,Юриспруденция,Магистр,ФИБ,2023
Козлов Матвей Иванович,FRESH-2026-000999,Менеджмент,Специалист,ФСН,2024
Степанов Матвей Иванович,FRESH-2026-001000,Лингвистика,Бакалавр,ФЭ,2025
